Filename, Loc, LoS,  #protocols, Analysis Time(s), Repair Time(s), Failed Assertion, Succeed
/home/openssl-OpenSSL_1_0_1h/crypto/cryptlib.c,941,80,40,0.476524829865,0.0012731552124,0,0
/home/openssl-OpenSSL_1_0_1h/crypto/mem.c,421,80,40,0.236495018005,0.0198409557343,0,0
/home/openssl-OpenSSL_1_0_1h/crypto/mem_dbg.c,875,80,40,0.218586921692,0.000782251358032,0,0
/home/openssl-OpenSSL_1_0_1h/crypto/cversion.c,118,80,40,0.0811409950256,0.00650095939636,0,0
/home/openssl-OpenSSL_1_0_1h/crypto/ex_data.c,637,80,40,0.364725112915,0.00139093399048,0,0
/home/openssl-OpenSSL_1_0_1h/crypto/cpt_err.c,106,80,40,0.0281448364258,0.00214123725891,0,0
/home/openssl-OpenSSL_1_0_1h/crypto/ebcdic.c,222,80,40,9.53674316406e-07,0.000534057617188,0,0
/home/openssl-OpenSSL_1_0_1h/crypto/uid.c,90,80,40,0.082398891449,0.000692129135132,0,0
/home/openssl-OpenSSL_1_0_1h/crypto/o_time.c,373,80,40,0.0913641452789,0.00076699256897,0,0
/home/openssl-OpenSSL_1_0_1h/crypto/o_str.c,112,80,40,0.0957088470459,0.000952005386353,0,0
/home/openssl-OpenSSL_1_0_1h/crypto/o_dir.c,84,80,40,6.48498535156e-05,0.000767230987549,0,0
/home/openssl-OpenSSL_1_0_1h/crypto/o_fips.c,97,80,40,0.0698728561401,0.00132322311401,0,0
/home/openssl-OpenSSL_1_0_1h/crypto/o_init.c,83,80,40,0.0250818729401,0.000715017318726,0,0
/home/openssl-OpenSSL_1_0_1h/crypto/fips_ers.c,8,80,40,0.,0.000771045684814,0,0
/home/openssl-OpenSSL_1_0_1h/crypto/objects/o_names.c,373,80,40,0.145982027054,0.00161194801331,0,0
/home/openssl-OpenSSL_1_0_1h/crypto/objects/obj_dat.c,811,80,40,0.445379018784,0.00124502182007,0,0
/home/openssl-OpenSSL_1_0_1h/crypto/objects/obj_lib.c,130,80,40,0.120130062103,0.000822067260742,0,0
/home/openssl-OpenSSL_1_0_1h/crypto/objects/obj_err.c,103,80,40,0.0207581520081,0.00117087364197,0,0
/home/openssl-OpenSSL_1_0_1h/crypto/objects/obj_xref.c,235,80,40,0.168029069901,0.000914812088013,0,0
/home/openssl-OpenSSL_1_0_1h/crypto/md4/md4_dgst.c,170,80,40,0.0416269302368,0.00210118293762,0,0
/home/openssl-OpenSSL_1_0_1h/crypto/md4/md4_one.c,98,80,40,0.0486271381378,0.0010199546814,0,0
/home/openssl-OpenSSL_1_0_1h/crypto/md5/md5_dgst.c,186,80,40,0.0532381534576,0.000710964202881,0,0
/home/openssl-OpenSSL_1_0_1h/crypto/md5/md5_one.c,98,80,40,0.051647901535,0.00116991996765,0,0
/home/openssl-OpenSSL_1_0_1h/crypto/sha/sha_dgst.c,76,80,40,0.0001540184021,0.000558853149414,0,0
/home/openssl-OpenSSL_1_0_1h/crypto/sha/sha1dgst.c,76,80,40,0.00066089630127,0.00115823745728,0,0
/home/openssl-OpenSSL_1_0_1h/crypto/sha/sha_one.c,79,80,40,0.0634870529175,0.00129699707031,0,0
/home/openssl-OpenSSL_1_0_1h/crypto/sha/sha1_one.c,79,80,40,0.0482189655304,0.00131821632385,0,0
/home/openssl-OpenSSL_1_0_1h/crypto/sha/sha256.c,283,80,40,0.108811855316,0.00067400932312,0,0
/home/openssl-OpenSSL_1_0_1h/crypto/sha/sha512.c,605,80,40,0.142968893051,0.00075626373291,0,0
/home/openssl-OpenSSL_1_0_1h/crypto/mdc2/mdc2dgst.c,201,80,40,0.0446579456329,0.00090503692627,0,0
/home/openssl-OpenSSL_1_0_1h/crypto/mdc2/mdc2_one.c,77,80,40,0.0501639842987,0.00094199180603,0,0
/home/openssl-OpenSSL_1_0_1h/crypto/hmac/hmac.c,252,80,40,0.148545026779,0.000962257385254,0,0
/home/openssl-OpenSSL_1_0_1h/crypto/hmac/hm_ameth.c,168,80,40,0.0814118385315,0.00166130065918,0,0
/home/openssl-OpenSSL_1_0_1h/crypto/hmac/hm_pmeth.c,272,80,40,0.145633935928,0.00227403640747,0,0
/home/openssl-OpenSSL_1_0_1h/crypto/ripemd/rmd_dgst.c,293,80,40,0.0598618984222,0.00315618515015,0,0
/home/openssl-OpenSSL_1_0_1h/crypto/ripemd/rmd_one.c,79,80,40,0.0635170936584,0.00135517120361,0,0
/home/openssl-OpenSSL_1_0_1h/crypto/whrlpool/wp_dgst.c,266,80,40,0.0587549209595,0.00115776062012,0,0
/home/openssl-OpenSSL_1_0_1h/crypto/des/set_key.c,416,80,40,0.166370153427,0.0012059211731,0,0
/home/openssl-OpenSSL_1_0_1h/crypto/des/ecb_enc.c,123,80,40,0.0527129173279,0.00203514099121,0,0
/home/openssl-OpenSSL_1_0_1h/crypto/des/cbc_enc.c,62,80,40,0.000205993652344,0.000648975372314,0,0
/home/openssl-OpenSSL_1_0_1h/crypto/des/ecb3_enc.c,84,80,40,0.0312960147858,0.000768899917603,0,0
/home/openssl-OpenSSL_1_0_1h/crypto/des/cfb64enc.c,122,80,40,0.0230159759521,0.000793933868408,0,0
/home/openssl-OpenSSL_1_0_1h/crypto/des/cfb64ede.c,255,80,40,0.0399529933929,0.000635862350464,0,0
/home/openssl-OpenSSL_1_0_1h/crypto/des/cfb_enc.c,196,80,40,0.032509803772,0.00110602378845,0,0
/home/openssl-OpenSSL_1_0_1h/crypto/des/ofb64ede.c,126,80,40,0.0272121429443,0.000966787338257,0,0
/home/openssl-OpenSSL_1_0_1h/crypto/des/enc_read.c,241,80,40,0.107114076614,0.000797033309937,0,0
/home/openssl-OpenSSL_1_0_1h/crypto/des/enc_writ.c,180,80,40,0.115003108978,0.000906944274902,0,0
/home/openssl-OpenSSL_1_0_1h/crypto/des/ofb64enc.c,111,80,40,0.0249888896942,0.000869035720825,0,0
/home/openssl-OpenSSL_1_0_1h/crypto/des/ofb_enc.c,136,80,40,0.0276799201965,0.000795125961304,0,0
/home/openssl-OpenSSL_1_0_1h/crypto/des/str2key.c,175,80,40,0.0210199356079,0.000996112823486,0,0
/home/openssl-OpenSSL_1_0_1h/crypto/des/pcbc_enc.c,124,80,40,0.023294210434,0.000977754592896,0,0
/home/openssl-OpenSSL_1_0_1h/crypto/des/qud_cksm.c,140,80,40,0.0502889156342,0.000860214233398,0,0
/home/openssl-OpenSSL_1_0_1h/crypto/des/rand_key.c,69,80,40,0.0426559448242,0.00222206115723,0,0
/home/openssl-OpenSSL_1_0_1h/crypto/des/des_enc.c,401,80,40,0.0426061153412,0.00118494033813,0,0
/home/openssl-OpenSSL_1_0_1h/crypto/des/fcrypt_b.c,144,80,40,0.0238690376282,0.000856161117554,0,0
/home/openssl-OpenSSL_1_0_1h/crypto/des/fcrypt.c,171,80,40,0.0816051959991,0.00154280662537,0,0
/home/openssl-OpenSSL_1_0_1h/crypto/des/xcbc_enc.c,198,80,40,0.0315577983856,0.00114893913269,0,0
/home/openssl-OpenSSL_1_0_1h/crypto/des/rpc_enc.c,99,80,40,0.0478429794312,0.000945091247559,0,0
/home/openssl-OpenSSL_1_0_1h/crypto/des/cbc_cksm.c,107,80,40,0.0406289100647,0.000864267349243,0,0
/home/openssl-OpenSSL_1_0_1h/crypto/des/ede_cbcm_enc.c,200,80,40,0.0388488769531,0.00214791297913,0,0
/home/openssl-OpenSSL_1_0_1h/crypto/des/des_old.c,274,80,40,0.311949968338,0.00332522392273,0,0
/home/openssl-OpenSSL_1_0_1h/crypto/des/des_old2.c,83,80,40,0.0124280452728,0.000730991363525,0,0
/home/openssl-OpenSSL_1_0_1h/crypto/des/read2pwd.c,141,80,40,0.0509438514709,0.00295615196228,0,0
/home/openssl-OpenSSL_1_0_1h/crypto/aes/aes_misc.c,86,80,40,0.0837199687958,0.0010838508606,0,0
/home/openssl-OpenSSL_1_0_1h/crypto/aes/aes_ecb.c,74,80,40,0.0255818367004,0.000746965408325,0,0
/home/openssl-OpenSSL_1_0_1h/crypto/aes/aes_cfb.c,82,80,40,0.0155920982361,0.00111103057861,0,0
/home/openssl-OpenSSL_1_0_1h/crypto/aes/aes_ofb.c,61,80,40,0.0125329494476,0.000746250152588,0,0
/home/openssl-OpenSSL_1_0_1h/crypto/aes/aes_ctr.c,62,80,40,0.0113470554352,0.000901222229004,0,0
/home/openssl-OpenSSL_1_0_1h/crypto/aes/aes_ige.c,324,80,40,0.0254011154175,0.000742673873901,0,0
/home/openssl-OpenSSL_1_0_1h/crypto/aes/aes_wrap.c,260,80,40,0.0890710353851,0.00200200080872,0,0
/home/openssl-OpenSSL_1_0_1h/crypto/rc2/rc2_ecb.c,89,80,40,0.02632188797,0.00113534927368,0,0
/home/openssl-OpenSSL_1_0_1h/crypto/rc2/rc2_skey.c,154,80,40,0.0201141834259,0.000934839248657,0,0
/home/openssl-OpenSSL_1_0_1h/crypto/rc2/rc2_cbc.c,227,80,40,0.0286960601807,0.0012800693512,0,0
/home/openssl-OpenSSL_1_0_1h/crypto/rc2/rc2cfb64.c,123,80,40,0.0242409706116,0.00117206573486,0,0
/home/openssl-OpenSSL_1_0_1h/crypto/rc2/rc2ofb64.c,112,80,40,0.0326399803162,0.00143790245056,0,0
/home/openssl-OpenSSL_1_0_1h/crypto/rc4/rc4_utl.c,63,80,40,0.0101900100708,0.000608921051025,0,0
/home/openssl-OpenSSL_1_0_1h/crypto/idea/i_cbc.c,169,80,40,0.0357260704041,0.0023148059845,0,0
/home/openssl-OpenSSL_1_0_1h/crypto/idea/i_cfb64.c,123,80,40,0.0256690979004,0.00653672218323,0,0
/home/openssl-OpenSSL_1_0_1h/crypto/idea/i_ofb64.c,112,80,40,0.0242168903351,0.000720024108887,0,0
/home/openssl-OpenSSL_1_0_1h/crypto/idea/i_ecb.c,86,80,40,0.0537660121918,0.000866889953613,0,0
/home/openssl-OpenSSL_1_0_1h/crypto/idea/i_skey.c,165,80,40,0.0677008628845,0.000582218170166,0,0
/home/openssl-OpenSSL_1_0_1h/crypto/bf/bf_skey.c,125,80,40,0.0222449302673,0.000920295715332,0,0
/home/openssl-OpenSSL_1_0_1h/crypto/bf/bf_ecb.c,97,80,40,0.049143075943,0.000854969024658,0,0
/home/openssl-OpenSSL_1_0_1h/crypto/bf/bf_enc.c,307,80,40,0.03724193573,0.000934839248657,0,0
/home/openssl-OpenSSL_1_0_1h/crypto/bf/bf_cfb64.c,122,80,40,0.025582075119,0.000683784484863,0,0
/home/openssl-OpenSSL_1_0_1h/crypto/bf/bf_ofb64.c,111,80,40,0.027813911438,0.000708341598511,0,0
/home/openssl-OpenSSL_1_0_1h/crypto/cast/c_skey.c,174,80,40,0.0576188564301,0.00388193130493,0,0
/home/openssl-OpenSSL_1_0_1h/crypto/cast/c_ecb.c,80,80,40,0.029412984848,0.000976800918579,0,0
/home/openssl-OpenSSL_1_0_1h/crypto/cast/c_enc.c,209,80,40,0.0411880016327,0.000623941421509,0,0
/home/openssl-OpenSSL_1_0_1h/crypto/cast/c_cfb64.c,122,80,40,0.0218529701233,0.000814199447632,0,0
/home/openssl-OpenSSL_1_0_1h/crypto/cast/c_ofb64.c,111,80,40,0.0234930515289,0.00170087814331,0,0
/home/openssl-OpenSSL_1_0_1h/crypto/camellia/cmll_ecb.c,75,80,40,0.0216100215912,0.00145173072815,0,0
/home/openssl-OpenSSL_1_0_1h/crypto/camellia/cmll_ofb.c,120,80,40,0.013463973999,0.000709056854248,0,0
/home/openssl-OpenSSL_1_0_1h/crypto/camellia/cmll_cfb.c,140,80,40,0.0129110813141,0.00136113166809,0,0
/home/openssl-OpenSSL_1_0_1h/crypto/camellia/cmll_ctr.c,65,80,40,0.0184371471405,0.000623941421509,0,0
/home/openssl-OpenSSL_1_0_1h/crypto/camellia/cmll_utl.c,65,80,40,0.040755033493,0.00209999084473,0,0
/home/openssl-OpenSSL_1_0_1h/crypto/camellia/cmll_misc.c,81,80,40,0.0925261974335,0.00232982635498,0,0
/home/openssl-OpenSSL_1_0_1h/crypto/seed/seed.c,337,80,40,0.0350170135498,0.00125908851624,0,0
/home/openssl-OpenSSL_1_0_1h/crypto/seed/seed_ecb.c,61,80,40,0.0195119380951,0.00131773948669,0,0
/home/openssl-OpenSSL_1_0_1h/crypto/seed/seed_cbc.c,64,80,40,0.0190091133118,0.00109505653381,0,0
/home/openssl-OpenSSL_1_0_1h/crypto/seed/seed_cfb.c,117,80,40,0.0102219581604,0.000680923461914,0,0
/home/openssl-OpenSSL_1_0_1h/crypto/seed/seed_ofb.c,117,80,40,0.0127558708191,0.00060510635376,0,0
/home/openssl-OpenSSL_1_0_1h/crypto/modes/cbc128.c,206,80,40,0.0252439975739,0.013032913208,0,0
/home/openssl-OpenSSL_1_0_1h/crypto/modes/ctr128.c,253,80,40,0.026328086853,0.000766038894653,0,0
/home/openssl-OpenSSL_1_0_1h/crypto/modes/cts128.c,454,80,40,0.0862488746643,0.000822067260742,0,0
/home/openssl-OpenSSL_1_0_1h/crypto/modes/cfb128.c,243,80,40,0.0319809913635,0.000890731811523,0,0
/home/openssl-OpenSSL_1_0_1h/crypto/modes/ofb128.c,122,80,40,0.0304689407349,0.00259304046631,0,0
/home/openssl-OpenSSL_1_0_1h/crypto/modes/gcm128.c,1906,80,40,0.169408798218,0.00161266326904,0,0
/home/openssl-OpenSSL_1_0_1h/crypto/modes/ccm128.c,442,80,40,0.137279987335,0.00136089324951,0,0
/home/openssl-OpenSSL_1_0_1h/crypto/modes/xts128.c,188,80,40,0.0665080547333,0.000823020935059,0,0
/home/openssl-OpenSSL_1_0_1h/crypto/bn/bn_add.c,314,80,40,0.102595806122,0.000798940658569,0,0
/home/openssl-OpenSSL_1_0_1h/crypto/bn/bn_div.c,449,80,40,0.152601003647,0.00192809104919,0,0
/home/openssl-OpenSSL_1_0_1h/crypto/bn/bn_exp.c,1098,80,40,0.179806947708,0.000783205032349,0,0
/home/openssl-OpenSSL_1_0_1h/crypto/bn/bn_lib.c,879,80,40,0.533164024353,0.00149703025818,0,0
/home/openssl-OpenSSL_1_0_1h/crypto/bn/bn_ctx.c,455,80,40,0.0936398506165,0.000820159912109,0,0
/home/openssl-OpenSSL_1_0_1h/crypto/bn/bn_mul.c,1167,80,40,0.110669136047,0.00169610977173,0,0
/home/openssl-OpenSSL_1_0_1h/crypto/bn/bn_mod.c,302,80,40,0.273839950562,0.00112509727478,0,0
/home/openssl-OpenSSL_1_0_1h/crypto/bn/bn_print.c,379,80,40,0.18373799324,0.00188207626343,0,0
/home/openssl-OpenSSL_1_0_1h/crypto/bn/bn_rand.c,306,80,40,0.222353935242,0.00421786308289,0,0
/home/openssl-OpenSSL_1_0_1h/crypto/bn/bn_shift.c,224,80,40,0.0575859546661,0.00216102600098,0,0
/home/openssl-OpenSSL_1_0_1h/crypto/bn/bn_word.c,239,80,40,0.183308839798,0.0101811885834,0,0
/home/openssl-OpenSSL_1_0_1h/crypto/bn/bn_blind.c,386,80,40,0.148247003555,0.000707864761353,0,0
/home/openssl-OpenSSL_1_0_1h/crypto/bn/bn_kron.c,185,80,40,0.0781960487366,0.000962972640991,0,0
/home/openssl-OpenSSL_1_0_1h/crypto/bn/bn_sqrt.c,394,80,40,0.0786349773407,0.000858068466187,0,0
/home/openssl-OpenSSL_1_0_1h/crypto/bn/bn_gcd.c,656,80,40,0.153017044067,0.00106906890869,0,0
/home/openssl-OpenSSL_1_0_1h/crypto/bn/bn_prime.c,495,80,40,0.213143110275,0.000800848007202,0,0
/home/openssl-OpenSSL_1_0_1h/crypto/bn/bn_err.c,151,80,40,0.028694152832,0.00073504447937,0,0
/home/openssl-OpenSSL_1_0_1h/crypto/bn/bn_sqr.c,295,80,40,0.0727939605713,0.000817060470581,0,0
/home/openssl-OpenSSL_1_0_1h/crypto/bn/asm/x86_64-gcc.c,607,80,40,0.112446069717,0.000981092453003,0,0
/home/openssl-OpenSSL_1_0_1h/crypto/bn/bn_recp.c,235,80,40,0.123439073563,0.00140118598938,0,0
/home/openssl-OpenSSL_1_0_1h/crypto/bn/bn_mont.c,516,80,40,0.141358852386,0.000859975814819,0,0
/home/openssl-OpenSSL_1_0_1h/crypto/bn/bn_mpi.c,131,80,40,0.051285982132,0.00166511535645,0,0
/home/openssl-OpenSSL_1_0_1h/crypto/bn/bn_exp2.c,313,80,40,0.0741558074951,0.000781297683716,0,0
/home/openssl-OpenSSL_1_0_1h/crypto/bn/bn_gf2m.c,1114,80,40,0.190752983093,0.00231099128723,0,0
/home/openssl-OpenSSL_1_0_1h/crypto/bn/bn_nist.c,1110,80,40,0.32447886467,0.00119423866272,0,0
/home/openssl-OpenSSL_1_0_1h/crypto/bn/bn_depr.c,113,80,40,0.082221031189,0.00100588798523,0,0
/home/openssl-OpenSSL_1_0_1h/crypto/bn/bn_const.c,403,80,40,0.197751998901,0.00305199623108,0,0
/home/openssl-OpenSSL_1_0_1h/crypto/bn/bn_x931p.c,273,80,40,0.0790979862213,0.000943899154663,0,0
/home/openssl-OpenSSL_1_0_1h/crypto/ec/ec_lib.c,1097,80,40,0.491133928299,0.000880002975464,0,0
/home/openssl-OpenSSL_1_0_1h/crypto/ec/ecp_smpl.c,1361,80,40,0.417506217957,0.00196576118469,0,0
/home/openssl-OpenSSL_1_0_1h/crypto/ec/ecp_mont.c,323,80,40,0.207505941391,0.000709056854248,0,0
/home/openssl-OpenSSL_1_0_1h/crypto/ec/ecp_nist.c,218,80,40,0.0951368808746,0.000801086425781,0,0
/home/openssl-OpenSSL_1_0_1h/crypto/ec/ec_cvt.c,171,80,40,0.0462338924408,0.00236320495605,0,0
/home/openssl-OpenSSL_1_0_1h/crypto/ec/ec_mult.c,941,80,40,0.324615955353,0.00164008140564,0,0
/home/openssl-OpenSSL_1_0_1h/crypto/ec/ec_err.c,277,80,40,0.0220329761505,0.00182008743286,0,0
/home/openssl-OpenSSL_1_0_1h/crypto/ec/ec_curve.c,2101,80,40,0.0832419395447,0.00602698326111,0,0
/home/openssl-OpenSSL_1_0_1h/crypto/ec/ec_check.c,124,80,40,0.0427000522614,0.000929117202759,0,0
/home/openssl-OpenSSL_1_0_1h/crypto/ec/ec_print.c,196,80,40,0.0578711032867,0.00117802619934,0,0
/home/openssl-OpenSSL_1_0_1h/crypto/ec/ec_asn1.c,1449,80,40,0.545982122421,0.00247597694397,0,0
/home/openssl-OpenSSL_1_0_1h/crypto/ec/ec_key.c,573,80,40,0.2263879776,0.000900030136108,0,0
/home/openssl-OpenSSL_1_0_1h/crypto/ec/ec2_smpl.c,720,80,40,0.254917144775,0.00108695030212,0,0
/home/openssl-OpenSSL_1_0_1h/crypto/ec/ec2_mult.c,396,80,40,0.171642065048,0.00158500671387,0,0
/home/openssl-OpenSSL_1_0_1h/crypto/ec/ec_ameth.c,662,80,40,0.243778944016,0.00102710723877,0,0
/home/openssl-OpenSSL_1_0_1h/crypto/ec/ec_pmeth.c,342,80,40,0.187536001205,0.00206398963928,0,0
/home/openssl-OpenSSL_1_0_1h/crypto/ec/eck_prn.c,393,80,40,0.103233098984,0.00377583503723,0,0
/home/openssl-OpenSSL_1_0_1h/crypto/ec/ecp_nistp224.c,1659,80,40,9.53674316406e-07,0.000684261322021,0,0
/home/openssl-OpenSSL_1_0_1h/crypto/ec/ecp_nistp256.c,2172,80,40,9.53674316406e-07,0.000823974609375,0,0
/home/openssl-OpenSSL_1_0_1h/crypto/ec/ecp_nistp521.c,2026,80,40,9.53674316406e-07,0.0012309551239,0,0
/home/openssl-OpenSSL_1_0_1h/crypto/ec/ecp_nistputil.c,198,80,40,9.53674316406e-07,0.00163674354553,0,0
/home/openssl-OpenSSL_1_0_1h/crypto/ec/ecp_oct.c,434,80,40,0.13506603241,0.00162601470947,0,0
/home/openssl-OpenSSL_1_0_1h/crypto/ec/ec2_oct.c,408,80,40,0.145049095154,0.000802993774414,0,0
/home/openssl-OpenSSL_1_0_1h/crypto/ec/ec_oct.c,200,80,40,0.321285009384,0.00151991844177,0,0
/home/openssl-OpenSSL_1_0_1h/crypto/rsa/rsa_eay.c,916,80,40,0.257213830948,0.00215435028076,0,0
/home/openssl-OpenSSL_1_0_1h/crypto/rsa/rsa_gen.c,235,80,40,0.128163814545,0.00226926803589,0,0
/home/openssl-OpenSSL_1_0_1h/crypto/rsa/rsa_lib.c,334,80,40,0.196575164795,0.000715970993042,0,0
/home/openssl-OpenSSL_1_0_1h/crypto/rsa/rsa_sign.c,319,80,40,0.181304931641,0.000633239746094,0,0
/home/openssl-OpenSSL_1_0_1h/crypto/rsa/rsa_saos.c,151,80,40,0.0428960323334,0.00125503540039,0,0
/home/openssl-OpenSSL_1_0_1h/crypto/rsa/rsa_err.c,210,80,40,0.0245831012726,0.00232481956482,0,0
/home/openssl-OpenSSL_1_0_1h/crypto/rsa/rsa_pk1.c,225,80,40,0.0934610366821,0.000617980957031,0,0
/home/openssl-OpenSSL_1_0_1h/crypto/rsa/rsa_ssl.c,155,80,40,0.0956070423126,0.000813007354736,0,0
/home/openssl-OpenSSL_1_0_1h/crypto/rsa/rsa_none.c,99,80,40,0.105853796005,0.00134992599487,0,0
/home/openssl-OpenSSL_1_0_1h/crypto/rsa/rsa_oaep.c,236,80,40,0.200026988983,0.0012481212616,0,0
/home/openssl-OpenSSL_1_0_1h/crypto/rsa/rsa_chk.c,191,80,40,0.0860011577606,0.00163984298706,0,0
/home/openssl-OpenSSL_1_0_1h/crypto/rsa/rsa_null.c,152,80,40,0.0752818584442,0.000890254974365,0,0
/home/openssl-OpenSSL_1_0_1h/crypto/rsa/rsa_pss.c,301,80,40,0.0980188846588,0.00112318992615,0,0
/home/openssl-OpenSSL_1_0_1h/crypto/rsa/rsa_x931.c,178,80,40,0.0916540622711,0.00129508972168,0,0
/home/openssl-OpenSSL_1_0_1h/crypto/rsa/rsa_asn1.c,122,80,40,0.325731039047,0.00117683410645,0,0
/home/openssl-OpenSSL_1_0_1h/crypto/rsa/rsa_depr.c,102,80,40,0.0746579170227,0.000904083251953,0,0
/home/openssl-OpenSSL_1_0_1h/crypto/rsa/rsa_ameth.c,699,80,40,0.369869947433,0.00136494636536,0,0
/home/openssl-OpenSSL_1_0_1h/crypto/rsa/rsa_prn.c,94,80,40,0.0800960063934,0.00112986564636,0,0
/home/openssl-OpenSSL_1_0_1h/crypto/rsa/rsa_pmeth.c,726,80,40,0.274729013443,0.000792980194092,0,0
/home/openssl-OpenSSL_1_0_1h/crypto/rsa/rsa_crpt.c,258,80,40,0.206369876862,0.00173902511597,0,0
/home/openssl-OpenSSL_1_0_1h/crypto/dsa/dsa_gen.c,372,80,40,0.291844129562,0.00120997428894,0,0
/home/openssl-OpenSSL_1_0_1h/crypto/dsa/dsa_key.c,145,80,40,0.0925140380859,0.000771999359131,0,0
/home/openssl-OpenSSL_1_0_1h/crypto/dsa/dsa_lib.c,330,80,40,0.189965009689,0.000766038894653,0,0
/home/openssl-OpenSSL_1_0_1h/crypto/dsa/dsa_asn1.c,189,80,40,0.291940927505,0.00103211402893,0,0
/home/openssl-OpenSSL_1_0_1h/crypto/dsa/dsa_vrf.c,77,80,40,0.0383629798889,0.00420498847961,0,0
/home/openssl-OpenSSL_1_0_1h/crypto/dsa/dsa_sign.c,115,80,40,0.119055986404,0.00153207778931,0,0
/home/openssl-OpenSSL_1_0_1h/crypto/dsa/dsa_err.c,131,80,40,0.0200979709625,0.00104999542236,0,0
/home/openssl-OpenSSL_1_0_1h/crypto/dsa/dsa_ossl.c,413,80,40,0.162776947021,0.00128126144409,0,0
/home/openssl-OpenSSL_1_0_1h/crypto/dsa/dsa_depr.c,107,80,40,0.0557239055634,0.00205421447754,0,0
/home/openssl-OpenSSL_1_0_1h/crypto/dsa/dsa_ameth.c,705,80,40,0.270279884338,0.00399780273438,0,0
/home/openssl-OpenSSL_1_0_1h/crypto/dsa/dsa_pmeth.c,319,80,40,0.270472049713,0.0014169216156,0,0
/home/openssl-OpenSSL_1_0_1h/crypto/dsa/dsa_prn.c,122,80,40,0.090274810791,0.00278615951538,0,0
/home/openssl-OpenSSL_1_0_1h/crypto/ecdsa/ecs_lib.c,286,80,40,0.264588117599,0.00127792358398,0,0
/home/openssl-OpenSSL_1_0_1h/crypto/ecdsa/ecs_asn1.c,68,80,40,0.0964860916138,0.00129318237305,0,0
/home/openssl-OpenSSL_1_0_1h/crypto/ecdsa/ecs_ossl.c,484,80,40,0.154736042023,0.000694036483765,0,0
/home/openssl-OpenSSL_1_0_1h/crypto/ecdsa/ecs_sign.c,107,80,40,0.187469959259,0.0022611618042,0,0
/home/openssl-OpenSSL_1_0_1h/crypto/ecdsa/ecs_vrf.c,97,80,40,0.113262891769,0.00176620483398,0,0
/home/openssl-OpenSSL_1_0_1h/crypto/ecdsa/ecs_err.c,107,80,40,0.0218849182129,0.00197386741638,0,0
/home/openssl-OpenSSL_1_0_1h/crypto/dh/dh_asn1.c,94,80,40,0.18915605545,0.00133013725281,0,0
/home/openssl-OpenSSL_1_0_1h/crypto/dh/dh_gen.c,193,80,40,0.0998029708862,0.000930070877075,0,0
/home/openssl-OpenSSL_1_0_1h/crypto/dh/dh_key.c,293,80,40,0.234181880951,0.00138926506042,0,0
/home/openssl-OpenSSL_1_0_1h/crypto/dh/dh_lib.c,261,80,40,0.191530942917,0.0029559135437,0,0
/home/openssl-OpenSSL_1_0_1h/crypto/dh/dh_check.c,143,80,40,0.0535261631012,0.00532388687134,0,0
/home/openssl-OpenSSL_1_0_1h/crypto/dh/dh_err.c,123,80,40,0.0308511257172,0.00260400772095,0,0
/home/openssl-OpenSSL_1_0_1h/crypto/dh/dh_depr.c,84,80,40,0.0582849979401,0.000936031341553,0,0
/home/openssl-OpenSSL_1_0_1h/crypto/dh/dh_ameth.c,502,80,40,0.266454935074,0.000724077224731,0,0
/home/openssl-OpenSSL_1_0_1h/crypto/dh/dh_pmeth.c,255,80,40,0.199002981186,0.00155806541443,0,0
/home/openssl-OpenSSL_1_0_1h/crypto/dh/dh_prn.c,81,80,40,0.0507578849792,0.00757741928101,0,0
/home/openssl-OpenSSL_1_0_1h/crypto/ecdh/ech_lib.c,274,80,40,0.284466981888,0.00267672538757,0,0
/home/openssl-OpenSSL_1_0_1h/crypto/ecdh/ech_ossl.c,216,80,40,0.0874428749084,0.00188779830933,0,0
/home/openssl-OpenSSL_1_0_1h/crypto/ecdh/ech_key.c,81,80,40,0.0656101703644,0.00198602676392,0,0
/home/openssl-OpenSSL_1_0_1h/crypto/ecdh/ech_err.c,101,80,40,0.0281040668488,0.000656843185425,0,0
/home/openssl-OpenSSL_1_0_1h/crypto/dso/dso_dl.c,394,80,40,0.0222129821777,0.00191116333008,0,0
/home/openssl-OpenSSL_1_0_1h/crypto/dso/dso_dlfcn.c,485,80,40,0.20019197464,0.00438809394836,0,0
/home/openssl-OpenSSL_1_0_1h/crypto/dso/dso_err.c,160,80,40,0.0312838554382,0.00102376937866,0,0
/home/openssl-OpenSSL_1_0_1h/crypto/dso/dso_lib.c,484,80,40,0.298743009567,0.000916004180908,0,0
/home/openssl-OpenSSL_1_0_1h/crypto/dso/dso_null.c,91,80,40,0.0347988605499,0.00111532211304,0,0
/home/openssl-OpenSSL_1_0_1h/crypto/dso/dso_openssl.c,84,80,40,0.0295100212097,0.000992059707642,0,0
/home/openssl-OpenSSL_1_0_1h/crypto/dso/dso_win32.c,845,80,40,0.0203721523285,0.00296974182129,0,0
/home/openssl-OpenSSL_1_0_1h/crypto/dso/dso_vms.c,526,80,40,0.0238997936249,0.00127387046814,0,0
/home/openssl-OpenSSL_1_0_1h/crypto/dso/dso_beos.c,271,80,40,0.0275490283966,0.00205516815186,0,0
/home/openssl-OpenSSL_1_0_1h/crypto/engine/eng_err.c,174,80,40,0.0315089225769,0.0031042098999,0,0
/home/openssl-OpenSSL_1_0_1h/crypto/engine/eng_lib.c,333,80,40,0.246691942215,0.00126004219055,0,0
/home/openssl-OpenSSL_1_0_1h/crypto/engine/eng_list.c,435,80,40,0.151454925537,0.00115895271301,0,0
/home/openssl-OpenSSL_1_0_1h/crypto/engine/eng_init.c,155,80,40,0.120387077332,0.00349402427673,0,0
/home/openssl-OpenSSL_1_0_1h/crypto/engine/eng_ctrl.c,390,80,40,0.173763036728,0.00111293792725,0,0
/home/openssl-OpenSSL_1_0_1h/crypto/engine/eng_table.c,352,80,40,0.190845966339,0.000982999801636,0,0
/home/openssl-OpenSSL_1_0_1h/crypto/engine/eng_pkey.c,197,80,40,0.150882959366,0.00159811973572,0,0
/home/openssl-OpenSSL_1_0_1h/crypto/engine/eng_fat.c,183,80,40,0.0929801464081,0.00173497200012,0,0
/home/openssl-OpenSSL_1_0_1h/crypto/engine/eng_all.c,136,80,40,0.0135321617126,0.000650882720947,0,0
/home/openssl-OpenSSL_1_0_1h/crypto/engine/tb_rsa.c,119,80,40,0.112031936646,0.00203418731689,0,0
/home/openssl-OpenSSL_1_0_1h/crypto/engine/tb_dsa.c,119,80,40,0.14678311348,0.00446891784668,0,0
/home/openssl-OpenSSL_1_0_1h/crypto/engine/tb_ecdsa.c,119,80,40,0.120036840439,0.00150203704834,0,0
/home/openssl-OpenSSL_1_0_1h/crypto/engine/tb_dh.c,119,80,40,0.0994689464569,0.0020649433136,0,0
/home/openssl-OpenSSL_1_0_1h/crypto/engine/tb_ecdh.c,134,80,40,0.123485803604,0.00168371200562,0,0
/home/openssl-OpenSSL_1_0_1h/crypto/engine/tb_rand.c,119,80,40,0.10441493988,0.00203895568848,0,0
/home/openssl-OpenSSL_1_0_1h/crypto/engine/tb_store.c,124,80,40,0.0568819046021,0.00619292259216,0,0
/home/openssl-OpenSSL_1_0_1h/crypto/engine/tb_cipher.c,144,80,40,0.153500080109,0.00151586532593,0,0
/home/openssl-OpenSSL_1_0_1h/crypto/engine/tb_digest.c,144,80,40,0.145966053009,0.00117802619934,0,0
/home/openssl-OpenSSL_1_0_1h/crypto/engine/tb_pkmeth.c,168,80,40,0.142763137817,0.00123882293701,0,0
/home/openssl-OpenSSL_1_0_1h/crypto/engine/tb_asnmth.c,247,80,40,0.170269012451,0.00120210647583,0,0
/home/openssl-OpenSSL_1_0_1h/crypto/engine/eng_openssl.c,385,80,40,0.27757692337,0.00115084648132,0,0
/home/openssl-OpenSSL_1_0_1h/crypto/engine/eng_cnf.c,260,80,40,0.136780023575,0.00298309326172,0,0
/home/openssl-OpenSSL_1_0_1h/crypto/engine/eng_dyn.c,549,80,40,0.138313055038,0.00366401672363,0,0
/home/openssl-OpenSSL_1_0_1h/crypto/engine/eng_cryptodev.c,1451,80,40,0.0213050842285,0.00127911567688,0,0
/home/openssl-OpenSSL_1_0_1h/crypto/engine/eng_rsax.c,669,80,40,0.189005851746,0.00116801261902,0,0
/home/openssl-OpenSSL_1_0_1h/crypto/engine/eng_rdrand.c,144,80,40,0.114531040192,0.000704050064087,0,0
/home/openssl-OpenSSL_1_0_1h/crypto/buffer/buffer.c,204,80,40,0.0888130664825,0.00261807441711,0,0
/home/openssl-OpenSSL_1_0_1h/crypto/buffer/buf_str.c,120,80,40,0.0920670032501,0.00323820114136,0,0
/home/openssl-OpenSSL_1_0_1h/crypto/buffer/buf_err.c,100,80,40,0.0257730484009,0.00124216079712,0,0
/home/openssl-OpenSSL_1_0_1h/crypto/bio/bio_lib.c,603,80,40,0.417443037033,0.00126981735229,0,0
/home/openssl-OpenSSL_1_0_1h/crypto/bio/bio_cb.c,144,80,40,0.0570340156555,0.00073504447937,0,0
/home/openssl-OpenSSL_1_0_1h/crypto/bio/bio_err.c,156,80,40,0.0196352005005,0.00526165962219,0,0
/home/openssl-OpenSSL_1_0_1h/crypto/bio/bss_mem.c,320,80,40,0.12286901474,0.000898122787476,0,0
/home/openssl-OpenSSL_1_0_1h/crypto/bio/bss_null.c,151,80,40,0.136746883392,0.00242733955383,0,0
/home/openssl-OpenSSL_1_0_1h/crypto/bio/bss_fd.c,320,80,40,0.136399030685,0.00221610069275,0,0
/home/openssl-OpenSSL_1_0_1h/crypto/bio/bss_file.c,478,80,40,0.668557167053,0.108147144318,1,1
/home/openssl-OpenSSL_1_0_1h/crypto/bio/bss_sock.c,295,80,40,0.110816955566,0.00147199630737,0,0
/home/openssl-OpenSSL_1_0_1h/crypto/bio/bss_conn.c,653,80,40,0.443096876144,0.000708103179932,0,0
/home/openssl-OpenSSL_1_0_1h/crypto/bio/bf_null.c,184,80,40,0.138967037201,0.000726938247681,0,0
/home/openssl-OpenSSL_1_0_1h/crypto/bio/bf_buff.c,513,80,40,0.162065982819,0.000674724578857,0,0
/home/openssl-OpenSSL_1_0_1h/crypto/bio/b_print.c,843,80,40,0.163380861282,0.000675916671753,0,0
/home/openssl-OpenSSL_1_0_1h/crypto/bio/b_dump.c,188,80,40,0.204027175903,0.00220775604248,0,0
/home/openssl-OpenSSL_1_0_1h/crypto/bio/b_sock.c,976,80,40,0.914884805679,0.00152921676636,0,0
/home/openssl-OpenSSL_1_0_1h/crypto/bio/bss_acpt.c,479,80,40,0.177757024765,0.00117301940918,0,0
/home/openssl-OpenSSL_1_0_1h/crypto/bio/bf_nbio.c,254,80,40,0.127258062363,0.00123119354248,0,0
/home/openssl-OpenSSL_1_0_1h/crypto/bio/bss_log.c,400,80,40,0.133352041245,0.00128960609436,0,0
/home/openssl-OpenSSL_1_0_1h/crypto/bio/bss_bio.c,925,80,40,0.3650867939,0.000725269317627,0,0
/home/openssl-OpenSSL_1_0_1h/crypto/bio/bss_dgram.c,1873,80,40,0.140285015106,0.00128602981567,0,0
/home/openssl-OpenSSL_1_0_1h/crypto/stack/stack.c,335,80,40,0.393092155457,0.00189304351807,0,0
/home/openssl-OpenSSL_1_0_1h/crypto/lhash/lhash.c,476,80,40,0.098748922348,0.0010781288147,0,0
/home/openssl-OpenSSL_1_0_1h/crypto/lhash/lh_stats.c,249,80,40,0.023638010025,0.0012571811676,0,0
/home/openssl-OpenSSL_1_0_1h/crypto/rand/md_rand.c,608,80,40,0.173263072968,0.00225591659546,0,0
/home/openssl-OpenSSL_1_0_1h/crypto/rand/randfile.c,329,80,40,0.484648942947,0.000622749328613,0,0
/home/openssl-OpenSSL_1_0_1h/crypto/rand/rand_lib.c,307,80,40,0.188733100891,0.00176596641541,0,0
/home/openssl-OpenSSL_1_0_1h/crypto/rand/rand_err.c,102,80,40,0.0264759063721,0.000627994537354,0,0
/home/openssl-OpenSSL_1_0_1h/crypto/rand/rand_egd.c,304,80,40,0.427538156509,0.00100088119507,0,0
/home/openssl-OpenSSL_1_0_1h/crypto/rand/rand_win.c,808,80,40,0.000684976577759,0.000807046890259,0,0
/home/openssl-OpenSSL_1_0_1h/crypto/rand/rand_unix.c,432,80,40,0.0612671375275,0.00162792205811,0,0
/home/openssl-OpenSSL_1_0_1h/crypto/rand/rand_os2.c,154,80,40,0.00195288658142,0.00125098228455,0,0
/home/openssl-OpenSSL_1_0_1h/crypto/rand/rand_nw.c,184,80,40,0.000611066818237,0.000684022903442,0,0
/home/openssl-OpenSSL_1_0_1h/crypto/err/err.c,1139,80,40,0.521222829819,0.000745058059692,0,0
/home/openssl-OpenSSL_1_0_1h/crypto/err/err_all.c,169,80,40,0.0199270248413,0.000691652297974,0,0
/home/openssl-OpenSSL_1_0_1h/crypto/err/err_prn.c,115,80,40,0.0750560760498,0.00263810157776,0,0
/home/openssl-OpenSSL_1_0_1h/crypto/evp/encode.c,447,80,40,0.135348081589,0.000944852828979,0,0
/home/openssl-OpenSSL_1_0_1h/crypto/evp/digest.c,408,80,40,0.277499914169,0.00175809860229,0,0
/home/openssl-OpenSSL_1_0_1h/crypto/evp/evp_enc.c,682,80,40,0.452543020248,0.00125598907471,0,0
/home/openssl-OpenSSL_1_0_1h/crypto/evp/evp_key.c,190,80,40,0.19176697731,0.0012629032135,0,0
/home/openssl-OpenSSL_1_0_1h/crypto/evp/evp_acnf.c,74,80,40,0.0183088779449,0.000884056091309,0,0
/home/openssl-OpenSSL_1_0_1h/crypto/evp/evp_cnf.c,126,80,40,0.0932590961456,0.00269508361816,0,0
/home/openssl-OpenSSL_1_0_1h/crypto/evp/e_des.c,225,80,40,0.210871934891,0.00125598907471,0,0
/home/openssl-OpenSSL_1_0_1h/crypto/evp/e_bf.c,89,80,40,0.138669013977,0.000683069229126,0,0
/home/openssl-OpenSSL_1_0_1h/crypto/evp/e_idea.c,119,80,40,0.135018825531,0.00108695030212,0,0
/home/openssl-OpenSSL_1_0_1h/crypto/evp/e_des3.c,317,80,40,0.318705797195,0.00119709968567,0,0
/home/openssl-OpenSSL_1_0_1h/crypto/evp/e_camellia.c,132,80,40,0.485976934433,0.00163888931274,0,0
/home/openssl-OpenSSL_1_0_1h/crypto/evp/e_rc4.c,138,80,40,0.0771050453186,0.00089693069458,0,0
/home/openssl-OpenSSL_1_0_1h/crypto/evp/e_aes.c,1321,80,40,0.706664085388,0.00119304656982,0,0
/home/openssl-OpenSSL_1_0_1h/crypto/evp/names.c,207,80,40,0.0859708786011,0.000821113586426,0,0
/home/openssl-OpenSSL_1_0_1h/crypto/evp/e_seed.c,84,80,40,0.137809038162,0.00244808197021,0,0
/home/openssl-OpenSSL_1_0_1h/crypto/evp/e_xcbc_d.c,139,80,40,0.0750160217285,0.0016610622406,0,0
/home/openssl-OpenSSL_1_0_1h/crypto/evp/e_rc2.c,239,80,40,0.418340921402,0.0013587474823,0,0
/home/openssl-OpenSSL_1_0_1h/crypto/evp/e_cast.c,91,80,40,0.151151895523,0.000724077224731,0,0
/home/openssl-OpenSSL_1_0_1h/crypto/evp/e_rc5.c,127,80,40,0.000113010406494,0.000538110733032,0,0
/home/openssl-OpenSSL_1_0_1h/crypto/evp/m_null.c,96,80,40,0.0731158256531,0.00164723396301,0,0
/home/openssl-OpenSSL_1_0_1h/crypto/evp/m_md2.c,102,80,40,0.000174999237061,0.00062894821167,0,0
/home/openssl-OpenSSL_1_0_1h/crypto/evp/m_md4.c,104,80,40,0.129747867584,0.0013599395752,0,0
/home/openssl-OpenSSL_1_0_1h/crypto/evp/m_md5.c,103,80,40,0.102742910385,0.00150179862976,0,0
/home/openssl-OpenSSL_1_0_1h/crypto/evp/m_sha.c,102,80,40,0.124151229858,0.00289988517761,0,0
/home/openssl-OpenSSL_1_0_1h/crypto/evp/m_sha1.c,210,80,40,0.360193014145,0.00195813179016,0,0
/home/openssl-OpenSSL_1_0_1h/crypto/evp/m_wp.c,44,80,40,0.110106945038,0.00100302696228,0,0
/home/openssl-OpenSSL_1_0_1h/crypto/evp/m_dss.c,102,80,40,0.0974910259247,0.000990152359009,0,0
/home/openssl-OpenSSL_1_0_1h/crypto/evp/m_dss1.c,104,80,40,0.114082098007,0.000768899917603,0,0
/home/openssl-OpenSSL_1_0_1h/crypto/evp/m_mdc2.c,104,80,40,0.121704816818,0.00130200386047,0,0
/home/openssl-OpenSSL_1_0_1h/crypto/evp/m_ripemd.c,103,80,40,0.1118080616,0.00161814689636,0,0
/home/openssl-OpenSSL_1_0_1h/crypto/evp/m_ecdsa.c,152,80,40,0.115711927414,0.00128388404846,0,0
/home/openssl-OpenSSL_1_0_1h/crypto/evp/p_open.c,129,80,40,0.123500108719,0.00131797790527,0,0
/home/openssl-OpenSSL_1_0_1h/crypto/evp/p_seal.c,117,80,40,0.130032062531,0.00296020507812,0,0
/home/openssl-OpenSSL_1_0_1h/crypto/evp/p_sign.c,140,80,40,0.067764043808,0.000864028930664,0,0
/home/openssl-OpenSSL_1_0_1h/crypto/evp/p_verify.c,122,80,40,0.0821449756622,0.00262475013733,0,0
/home/openssl-OpenSSL_1_0_1h/crypto/evp/p_lib.c,470,80,40,0.549735069275,0.0010130405426,0,0
/home/openssl-OpenSSL_1_0_1h/crypto/evp/p_enc.c,87,80,40,0.0558609962463,0.00188302993774,0,0
/home/openssl-OpenSSL_1_0_1h/crypto/evp/p_dec.c,88,80,40,0.0529479980469,0.00342392921448,0,0
/home/openssl-OpenSSL_1_0_1h/crypto/evp/bio_md.c,276,80,40,0.139434099197,0.000617742538452,0,0
/home/openssl-OpenSSL_1_0_1h/crypto/evp/bio_b64.c,600,80,40,0.213147878647,0.00159525871277,0,0
/home/openssl-OpenSSL_1_0_1h/crypto/evp/bio_enc.c,429,80,40,0.176262140274,0.000779867172241,0,0
/home/openssl-OpenSSL_1_0_1h/crypto/evp/evp_err.c,241,80,40,0.0228559970856,0.00286221504211,0,0
/home/openssl-OpenSSL_1_0_1h/crypto/evp/e_null.c,105,80,40,0.0776560306549,0.000672101974487,0,0
/home/openssl-OpenSSL_1_0_1h/crypto/evp/c_all.c,91,80,40,0.0148019790649,0.00104999542236,0,0
/home/openssl-OpenSSL_1_0_1h/crypto/evp/c_allc.c,231,80,40,0.0155990123749,0.00157594680786,0,0
/home/openssl-OpenSSL_1_0_1h/crypto/evp/c_alld.c,115,80,40,0.0202639102936,0.00169587135315,0,0
/home/openssl-OpenSSL_1_0_1h/crypto/evp/evp_lib.c,317,80,40,0.163374900818,0.00103998184204,0,0
/home/openssl-OpenSSL_1_0_1h/crypto/evp/bio_ok.c,625,80,40,0.197263002396,0.0012321472168,0,0
/home/openssl-OpenSSL_1_0_1h/crypto/evp/evp_pkey.c,243,80,40,0.303536176682,0.00232005119324,0,0
/home/openssl-OpenSSL_1_0_1h/crypto/evp/evp_pbe.c,317,80,40,0.193691968918,0.00101399421692,0,0
/home/openssl-OpenSSL_1_0_1h/crypto/evp/p5_crpt.c,144,80,40,0.0770201683044,0.00157403945923,0,0
/home/openssl-OpenSSL_1_0_1h/crypto/evp/p5_crpt2.c,345,80,40,0.129546165466,0.000807762145996,0,0
/home/openssl-OpenSSL_1_0_1h/crypto/evp/e_old.c,126,80,40,0.268393993378,0.00161004066467,0,0
/home/openssl-OpenSSL_1_0_1h/crypto/evp/pmeth_lib.c,594,80,40,0.363388061523,0.00133109092712,0,0
/home/openssl-OpenSSL_1_0_1h/crypto/evp/pmeth_fn.c,369,80,40,0.291425943375,0.00104403495789,0,0
/home/openssl-OpenSSL_1_0_1h/crypto/evp/pmeth_gn.c,222,80,40,0.170769929886,0.00155401229858,0,0
/home/openssl-OpenSSL_1_0_1h/crypto/evp/m_sigver.c,201,80,40,0.181807994843,0.00108289718628,0,0
/home/openssl-OpenSSL_1_0_1h/crypto/evp/evp_fips.c,114,80,40,0.000580072402954,0.000675916671753,0,0
/home/openssl-OpenSSL_1_0_1h/crypto/evp/e_aes_cbc_hmac_sha1.c,582,80,40,0.157644987106,0.00204372406006,0,0
/home/openssl-OpenSSL_1_0_1h/crypto/evp/e_rc4_hmac_md5.c,299,80,40,0.128633975983,0.000986099243164,0,0
/home/openssl-OpenSSL_1_0_1h/crypto/asn1/a_object.c,404,80,40,0.276415109634,0.000986814498901,0,0
/home/openssl-OpenSSL_1_0_1h/crypto/asn1/a_bitstr.c,249,80,40,0.148406982422,0.0110058784485,0,0
/home/openssl-OpenSSL_1_0_1h/crypto/asn1/a_utctm.c,319,80,40,0.135325908661,0.000629901885986,0,0
/home/openssl-OpenSSL_1_0_1h/crypto/asn1/a_gentm.c,264,80,40,0.121248006821,0.00138115882874,0,0
/home/openssl-OpenSSL_1_0_1h/crypto/asn1/a_time.c,199,80,40,0.258542060852,0.00123810768127,0,0
/home/openssl-OpenSSL_1_0_1h/crypto/asn1/a_int.c,459,80,40,0.158729076385,0.000926971435547,0,0
/home/openssl-OpenSSL_1_0_1h/crypto/asn1/a_octet.c,72,80,40,0.0748288631439,0.000759124755859,0,0
/home/openssl-OpenSSL_1_0_1h/crypto/asn1/a_print.c,128,80,40,0.130030155182,0.00140500068665,0,0
/home/openssl-OpenSSL_1_0_1h/crypto/asn1/a_type.c,160,80,40,0.127081155777,0.00103998184204,0,0
/home/openssl-OpenSSL_1_0_1h/crypto/asn1/a_set.c,242,80,40,0.0736842155457,0.00078272819519,0,0
/home/openssl-OpenSSL_1_0_1h/crypto/asn1/a_dup.c,110,80,40,0.0510249137878,0.00134778022766,0,0
/home/openssl-OpenSSL_1_0_1h/crypto/asn1/a_d2i_fp.c,287,80,40,0.103325843811,0.00267601013184,0,0
/home/openssl-OpenSSL_1_0_1h/crypto/asn1/a_i2d_fp.c,164,80,40,0.0623979568481,0.00255489349365,0,0
/home/openssl-OpenSSL_1_0_1h/crypto/asn1/a_enum.c,183,80,40,0.160575866699,0.000923871994019,0,0
/home/openssl-OpenSSL_1_0_1h/crypto/asn1/a_utf8.c,212,80,40,0.347920894623,0.0012218952179,0,0
/home/openssl-OpenSSL_1_0_1h/crypto/asn1/a_sign.c,334,80,40,0.122935056686,0.00111103057861,0,0
/home/openssl-OpenSSL_1_0_1h/crypto/asn1/a_digest.c,114,80,40,0.062264919281,0.000757217407227,0,0
/home/openssl-OpenSSL_1_0_1h/crypto/asn1/a_verify.c,235,80,40,0.0903248786926,0.000694990158081,0,0
/home/openssl-OpenSSL_1_0_1h/crypto/asn1/a_mbstr.c,401,80,40,0.16824388504,0.00119423866272,0,0
/home/openssl-OpenSSL_1_0_1h/crypto/asn1/a_strex.c,576,80,40,0.402272939682,0.00112128257751,0,0
/home/openssl-OpenSSL_1_0_1h/crypto/asn1/x_algor.c,145,80,40,0.224695920944,0.00124216079712,0,0
/home/openssl-OpenSSL_1_0_1h/crypto/asn1/x_val.c,70,80,40,0.100931167603,0.00126099586487,0,0
/home/openssl-OpenSSL_1_0_1h/crypto/asn1/x_pubkey.c,386,80,40,0.238862991333,0.00182914733887,0,0
/home/openssl-OpenSSL_1_0_1h/crypto/asn1/x_sig.c,70,80,40,0.0732131004333,0.00684905052185,0,0
/home/openssl-OpenSSL_1_0_1h/crypto/asn1/x_req.c,114,80,40,0.220076799393,0.00212478637695,0,0
/home/openssl-OpenSSL_1_0_1h/crypto/asn1/x_attrib.c,119,80,40,0.155521869659,0.00130915641785,0,0
/home/openssl-OpenSSL_1_0_1h/crypto/asn1/x_bignum.c,140,80,40,0.104401826859,0.00438499450684,0,0
/home/openssl-OpenSSL_1_0_1h/crypto/asn1/x_long.c,180,80,40,0.129348993301,0.000800132751465,0,0
/home/openssl-OpenSSL_1_0_1h/crypto/asn1/x_name.c,520,80,40,0.440569877625,0.00292325019836,0,0
/home/openssl-OpenSSL_1_0_1h/crypto/asn1/x_x509.c,195,80,40,0.335050106049,0.00362181663513,0,0
/home/openssl-OpenSSL_1_0_1h/crypto/asn1/x_x509a.c,181,80,40,0.332598924637,0.00163602828979,0,0
/home/openssl-OpenSSL_1_0_1h/crypto/asn1/x_crl.c,528,80,40,0.437998056412,0.000673055648804,0,0
/home/openssl-OpenSSL_1_0_1h/crypto/asn1/x_info.c,115,80,40,0.072093963623,0.00226092338562,0,0
/home/openssl-OpenSSL_1_0_1h/crypto/asn1/x_spki.c,82,80,40,0.163527011871,0.0028121471405,0,0
/home/openssl-OpenSSL_1_0_1h/crypto/asn1/nsseq.c,84,80,40,0.11652302742,0.00281310081482,0,0
/home/openssl-OpenSSL_1_0_1h/crypto/asn1/x_nx509.c,73,80,40,0.116024971008,0.00296497344971,0,0
/home/openssl-OpenSSL_1_0_1h/crypto/asn1/d2i_pu.c,140,80,40,0.0462210178375,0.00199770927429,0,0
/home/openssl-OpenSSL_1_0_1h/crypto/asn1/d2i_pr.c,171,80,40,0.0840058326721,0.00100588798523,0,0
/home/openssl-OpenSSL_1_0_1h/crypto/asn1/i2d_pu.c,96,80,40,0.0118980407715,0.00210809707642,0,0
/home/openssl-OpenSSL_1_0_1h/crypto/asn1/i2d_pr.c,81,80,40,0.103353977203,0.00363612174988,0,0
/home/openssl-OpenSSL_1_0_1h/crypto/asn1/t_req.c,267,80,40,0.181355953217,0.000594139099121,0,0
/home/openssl-OpenSSL_1_0_1h/crypto/asn1/t_x509.c,529,80,40,0.271399974823,0.00174713134766,0,0
/home/openssl-OpenSSL_1_0_1h/crypto/asn1/t_x509a.c,111,80,40,0.0644209384918,0.0013439655304,0,0
/home/openssl-OpenSSL_1_0_1h/crypto/asn1/t_crl.c,133,80,40,0.083606004715,0.00445795059204,0,0
/home/openssl-OpenSSL_1_0_1h/crypto/asn1/t_pkey.c,115,80,40,0.0927739143372,0.00130820274353,0,0
/home/openssl-OpenSSL_1_0_1h/crypto/asn1/t_spki.c,108,80,40,0.055438041687,0.00202012062073,0,0
/home/openssl-OpenSSL_1_0_1h/crypto/asn1/t_bitst.c,103,80,40,0.0770540237427,0.00129413604736,0,0
/home/openssl-OpenSSL_1_0_1h/crypto/asn1/tasn_new.c,397,80,40,0.168865919113,0.00115919113159,0,0
/home/openssl-OpenSSL_1_0_1h/crypto/asn1/tasn_fre.c,267,80,40,0.035374879837,0.000673770904541,0,0
/home/openssl-OpenSSL_1_0_1h/crypto/asn1/tasn_enc.c,692,80,40,0.527395963669,0.00254106521606,0,0
/home/openssl-OpenSSL_1_0_1h/crypto/asn1/tasn_dec.c,1348,80,40,0.394585132599,0.001051902771,0,0
/home/openssl-OpenSSL_1_0_1h/crypto/asn1/tasn_utl.c,280,80,40,0.268482923508,0.000761032104492,0,0
/home/openssl-OpenSSL_1_0_1h/crypto/asn1/tasn_typ.c,149,80,40,1.14304304123,0.000627994537354,0,0
/home/openssl-OpenSSL_1_0_1h/crypto/asn1/tasn_prn.c,628,80,40,0.192473888397,0.000683069229126,0,0
/home/openssl-OpenSSL_1_0_1h/crypto/asn1/ameth_lib.c,461,80,40,0.323163032532,0.000651121139526,0,0
/home/openssl-OpenSSL_1_0_1h/crypto/asn1/f_int.c,220,80,40,0.102400064468,0.000659227371216,0,0
/home/openssl-OpenSSL_1_0_1h/crypto/asn1/f_string.c,213,80,40,0.0983731746674,0.00113773345947,0,0
/home/openssl-OpenSSL_1_0_1h/crypto/asn1/n_pkey.c,354,80,40,0.270692825317,0.000958919525146,0,0
/home/openssl-OpenSSL_1_0_1h/crypto/asn1/f_enum.c,208,80,40,0.095575094223,0.00120878219604,0,0
/home/openssl-OpenSSL_1_0_1h/crypto/asn1/x_pkey.c,152,80,40,0.0642700195312,0.00179100036621,0,0
/home/openssl-OpenSSL_1_0_1h/crypto/asn1/a_bool.c,115,80,40,0.0859949588776,0.000962018966675,0,0
/home/openssl-OpenSSL_1_0_1h/crypto/asn1/x_exten.c,77,80,40,0.191817045212,0.00142621994019,0,0
/home/openssl-OpenSSL_1_0_1h/crypto/asn1/bio_asn1.c,496,80,40,0.453464984894,0.00076699256897,0,0
/home/openssl-OpenSSL_1_0_1h/crypto/asn1/bio_ndef.c,244,80,40,0.0858271121979,0.000750064849854,0,0
/home/openssl-OpenSSL_1_0_1h/crypto/asn1/asn_mime.c,952,80,40,0.290192127228,0.0012059211731,0,0
/home/openssl-OpenSSL_1_0_1h/crypto/asn1/asn1_gen.c,855,80,40,0.755990982056,0.104337215424,2,2
/home/openssl-OpenSSL_1_0_1h/crypto/asn1/asn1_par.c,438,80,40,0.177886009216,0.00116109848022,0,0
/home/openssl-OpenSSL_1_0_1h/crypto/asn1/asn1_lib.c,483,80,40,0.259505033493,0.00116109848022,0,0
/home/openssl-OpenSSL_1_0_1h/crypto/asn1/asn1_err.c,333,80,40,0.0214459896088,0.00158905982971,0,0
/home/openssl-OpenSSL_1_0_1h/crypto/asn1/a_bytes.c,315,80,40,0.169547080994,0.00208401679993,0,0
/home/openssl-OpenSSL_1_0_1h/crypto/asn1/a_strnid.c,291,80,40,0.285252809525,0.00134205818176,0,0
/home/openssl-OpenSSL_1_0_1h/crypto/asn1/evp_asn1.c,190,80,40,0.100284099579,0.000735998153687,0,0
/home/openssl-OpenSSL_1_0_1h/crypto/asn1/asn_pack.c,192,80,40,0.122833967209,0.000853061676025,0,0
/home/openssl-OpenSSL_1_0_1h/crypto/asn1/p5_pbe.c,149,80,40,0.165222883224,0.000707149505615,0,0
/home/openssl-OpenSSL_1_0_1h/crypto/asn1/p5_pbev2.c,281,80,40,0.262941837311,0.000744104385376,0,0
/home/openssl-OpenSSL_1_0_1h/crypto/asn1/p8_pkey.c,156,80,40,0.166188955307,0.00182795524597,0,0
/home/openssl-OpenSSL_1_0_1h/crypto/asn1/asn_moid.c,161,80,40,0.100096940994,0.00129890441895,0,0
/home/openssl-OpenSSL_1_0_1h/crypto/pem/pem_sign.c,103,80,40,0.0473837852478,0.000739812850952,0,0
/home/openssl-OpenSSL_1_0_1h/crypto/pem/pem_seal.c,192,80,40,0.0734820365906,0.00116991996765,0,0
/home/openssl-OpenSSL_1_0_1h/crypto/pem/pem_info.c,407,80,40,0.0946769714355,0.000912189483643,0,0
/home/openssl-OpenSSL_1_0_1h/crypto/pem/pem_lib.c,860,80,40,0.26568198204,0.00994372367859,0,0
/home/openssl-OpenSSL_1_0_1h/crypto/pem/pem_all.c,458,80,40,1.41200208664,0.00178003311157,0,0
/home/openssl-OpenSSL_1_0_1h/crypto/pem/pem_err.c,162,80,40,0.0225350856781,0.00105690956116,0,0
/home/openssl-OpenSSL_1_0_1h/crypto/pem/pem_x509.c,69,80,40,0.107230901718,0.00238609313965,0,0
/home/openssl-OpenSSL_1_0_1h/crypto/pem/pem_xaux.c,69,80,40,0.227477073669,0.00135397911072,0,0
/home/openssl-OpenSSL_1_0_1h/crypto/pem/pem_oth.c,87,80,40,0.0628428459167,0.00132393836975,0,0
/home/openssl-OpenSSL_1_0_1h/crypto/pem/pem_pk8.c,243,80,40,0.45428609848,0.00103998184204,0,0
/home/openssl-OpenSSL_1_0_1h/crypto/pem/pem_pkey.c,243,80,40,0.168920993805,0.00227403640747,0,0
/home/openssl-OpenSSL_1_0_1h/crypto/pem/pvkfmt.c,951,80,40,0.372140884399,0.00101828575134,0,0
/home/openssl-OpenSSL_1_0_1h/crypto/x509/x509_def.c,82,80,40,0.0307509899139,0.000902891159058,0,0
/home/openssl-OpenSSL_1_0_1h/crypto/x509/x509_d2.c,108,80,40,0.0587811470032,0.00179195404053,0,0
/home/openssl-OpenSSL_1_0_1h/crypto/x509/x509_r2x.c,115,80,40,0.0583209991455,0.00109481811523,0,0
/home/openssl-OpenSSL_1_0_1h/crypto/x509/x509_cmp.c,344,80,40,0.437141180038,0.00178289413452,0,0
/home/openssl-OpenSSL_1_0_1h/crypto/x509/x509_obj.c,227,80,40,0.132956027985,0.000693082809448,0,0
/home/openssl-OpenSSL_1_0_1h/crypto/x509/x509_req.c,317,80,40,0.339483976364,0.00136089324951,0,0
/home/openssl-OpenSSL_1_0_1h/crypto/x509/x509spki.c,122,80,40,0.12078499794,0.0022439956665,0,0
/home/openssl-OpenSSL_1_0_1h/crypto/x509/x509_vfy.c,2225,80,40,0.784265041351,0.0110149383545,0,0
/home/openssl-OpenSSL_1_0_1h/crypto/x509/x509_set.c,151,80,40,0.140561103821,0.0064697265625,0,0
/home/openssl-OpenSSL_1_0_1h/crypto/x509/x509cset.c,171,80,40,0.100962877274,0.000639915466309,0,0
/home/openssl-OpenSSL_1_0_1h/crypto/x509/x509rset.c,84,80,40,0.106616020203,0.00102710723877,0,0
/home/openssl-OpenSSL_1_0_1h/crypto/x509/x509_err.c,165,80,40,0.0217080116272,0.00725793838501,0,0
/home/openssl-OpenSSL_1_0_1h/crypto/x509/x509name.c,384,80,40,0.358937978745,0.00113272666931,0,0
/home/openssl-OpenSSL_1_0_1h/crypto/x509/x509_v3.c,275,80,40,0.291970014572,0.006511926651,0,0
/home/openssl-OpenSSL_1_0_1h/crypto/x509/x509_ext.c,211,80,40,0.606307029724,0.00169992446899,0,0
/home/openssl-OpenSSL_1_0_1h/crypto/x509/x509_att.c,360,80,40,0.332729816437,0.000845193862915,0,0
/home/openssl-OpenSSL_1_0_1h/crypto/x509/x509type.c,132,80,40,0.0590100288391,0.00108695030212,0,0
/home/openssl-OpenSSL_1_0_1h/crypto/x509/x509_lu.c,717,80,40,0.428061008453,0.00098991394043,0,0
/home/openssl-OpenSSL_1_0_1h/crypto/x509/x_all.c,538,80,40,1.32336211205,0.000637054443359,0,0
/home/openssl-OpenSSL_1_0_1h/crypto/x509/x509_txt.c,194,80,40,0.0203409194946,0.00180006027222,0,0
/home/openssl-OpenSSL_1_0_1h/crypto/x509/x509_trs.c,289,80,40,0.296514034271,0.00143599510193,0,0
/home/openssl-OpenSSL_1_0_1h/crypto/x509/by_file.c,301,80,40,0.18919301033,0.000855922698975,0,0
/home/openssl-OpenSSL_1_0_1h/crypto/x509/by_dir.c,481,80,40,0.179772138596,0.00118708610535,0,0
/home/openssl-OpenSSL_1_0_1h/crypto/x509/x509_vpm.c,439,80,40,0.303703069687,0.00122284889221,0,0
/home/openssl-OpenSSL_1_0_1h/crypto/x509v3/v3_bcons.c,125,80,40,0.138810157776,0.000627994537354,0,0
/home/openssl-OpenSSL_1_0_1h/crypto/x509v3/v3_bitst.c,142,80,40,0.0650780200958,0.0183417797089,0,0
/home/openssl-OpenSSL_1_0_1h/crypto/x509v3/v3_conf.c,526,80,40,0.440557956696,0.00072193145752,0,0
/home/openssl-OpenSSL_1_0_1h/crypto/x509v3/v3_extku.c,145,80,40,0.128190994263,0.00131297111511,0,0
/home/openssl-OpenSSL_1_0_1h/crypto/x509v3/v3_ia5.c,117,80,40,0.0693390369415,0.000978946685791,0,0
/home/openssl-OpenSSL_1_0_1h/crypto/x509v3/v3_lib.c,310,80,40,0.345575094223,0.00187206268311,0,0
/home/openssl-OpenSSL_1_0_1h/crypto/x509v3/v3_prn.c,235,80,40,0.207149982452,0.00100898742676,0,0
/home/openssl-OpenSSL_1_0_1h/crypto/x509v3/v3_utl.c,875,80,40,0.454574108124,0.00221419334412,0,0
/home/openssl-OpenSSL_1_0_1h/crypto/x509v3/v3err.c,227,80,40,0.0499510765076,0.00233602523804,0,0
/home/openssl-OpenSSL_1_0_1h/crypto/x509v3/v3_genn.c,253,80,40,0.386802911758,0.0012092590332,0,0
/home/openssl-OpenSSL_1_0_1h/crypto/x509v3/v3_alt.c,615,80,40,0.241155147552,0.00105309486389,0,0
/home/openssl-OpenSSL_1_0_1h/crypto/x509v3/v3_skey.c,146,80,40,0.114152193069,0.000951051712036,0,0
/home/openssl-OpenSSL_1_0_1h/crypto/x509v3/v3_akey.c,209,80,40,0.137799978256,0.00133514404297,0,0
/home/openssl-OpenSSL_1_0_1h/crypto/x509v3/v3_pku.c,109,80,40,0.129464149475,0.000724792480469,0,0
/home/openssl-OpenSSL_1_0_1h/crypto/x509v3/v3_int.c,90,80,40,0.0376420021057,0.00294208526611,0,0
/home/openssl-OpenSSL_1_0_1h/crypto/x509v3/v3_enum.c,98,80,40,0.074294090271,0.00149917602539,0,0
/home/openssl-OpenSSL_1_0_1h/crypto/x509v3/v3_sxnet.c,263,80,40,0.362164020538,0.00107288360596,0,0
/home/openssl-OpenSSL_1_0_1h/crypto/x509v3/v3_cpols.c,458,80,40,0.408392906189,0.000694274902344,0,0
/home/openssl-OpenSSL_1_0_1h/crypto/x509v3/v3_crld.c,617,80,40,0.509837865829,0.000809192657471,0,0
/home/openssl-OpenSSL_1_0_1h/crypto/x509v3/v3_purp.c,768,80,40,0.356178998947,0.00197100639343,0,0
/home/openssl-OpenSSL_1_0_1h/crypto/x509v3/v3_info.c,194,80,40,0.267520904541,0.00212478637695,0,0
/home/openssl-OpenSSL_1_0_1h/crypto/x509v3/v3_ocsp.c,290,80,40,0.149758815765,0.000971794128418,0,0
/home/openssl-OpenSSL_1_0_1h/crypto/x509v3/v3_akeya.c,73,80,40,0.080286026001,0.0013210773468,0,0
/home/openssl-OpenSSL_1_0_1h/crypto/x509v3/v3_pmaps.c,156,80,40,0.113420009613,0.00628614425659,0,0
/home/openssl-OpenSSL_1_0_1h/crypto/x509v3/v3_pcons.c,141,80,40,0.110778808594,0.0112431049347,0,0
/home/openssl-OpenSSL_1_0_1h/crypto/x509v3/v3_ncons.c,506,80,40,0.323662042618,0.0277450084686,0,0
/home/openssl-OpenSSL_1_0_1h/crypto/x509v3/v3_pcia.c,56,80,40,0.156458854675,0.00157022476196,0,0
/home/openssl-OpenSSL_1_0_1h/crypto/x509v3/v3_pci.c,329,80,40,0.119669914246,0.000619173049927,0,0
/home/openssl-OpenSSL_1_0_1h/crypto/x509v3/pcy_cache.c,287,80,40,0.200405836105,0.000908851623535,0,0
/home/openssl-OpenSSL_1_0_1h/crypto/x509v3/pcy_node.c,198,80,40,0.167073011398,0.00309181213379,0,0
/home/openssl-OpenSSL_1_0_1h/crypto/x509v3/pcy_data.c,136,80,40,0.0696680545807,0.00144505500793,0,0
/home/openssl-OpenSSL_1_0_1h/crypto/x509v3/pcy_map.c,133,80,40,0.0551559925079,0.00171518325806,0,0
/home/openssl-OpenSSL_1_0_1h/crypto/x509v3/pcy_tree.c,873,80,40,0.205498933792,0.000895977020264,0,0
/home/openssl-OpenSSL_1_0_1h/crypto/x509v3/pcy_lib.c,168,80,40,0.117388010025,0.00100803375244,0,0
/home/openssl-OpenSSL_1_0_1h/crypto/x509v3/v3_asid.c,891,80,40,0.00103783607483,0.000751256942749,0,0
/home/openssl-OpenSSL_1_0_1h/crypto/x509v3/v3_addr.c,1339,80,40,0.00112104415894,0.0010678768158,0,0
/home/openssl-OpenSSL_1_0_1h/crypto/conf/conf_err.c,132,80,40,0.0264790058136,0.00202107429504,0,0
/home/openssl-OpenSSL_1_0_1h/crypto/conf/conf_lib.c,408,80,40,0.347427129745,0.00132775306702,0,0
/home/openssl-OpenSSL_1_0_1h/crypto/conf/conf_api.c,302,80,40,0.275285959244,0.0019679069519,0,0
/home/openssl-OpenSSL_1_0_1h/crypto/conf/conf_def.c,741,80,40,0.247478961945,0.00325584411621,0,0
/home/openssl-OpenSSL_1_0_1h/crypto/conf/conf_mod.c,624,80,40,0.24612903595,0.000722169876099,0,0
/home/openssl-OpenSSL_1_0_1h/crypto/conf/conf_mall.c,82,80,40,0.0121128559113,0.00114703178406,0,0
/home/openssl-OpenSSL_1_0_1h/crypto/conf/conf_sap.c,112,80,40,0.03457903862,0.00313806533813,0,0
/home/openssl-OpenSSL_1_0_1h/crypto/txt_db/txt_db.c,389,80,40,0.0983560085297,0.000694036483765,0,0
/home/openssl-OpenSSL_1_0_1h/crypto/pkcs7/pk7_asn1.c,248,80,40,0.802616834641,0.00148987770081,0,0
/home/openssl-OpenSSL_1_0_1h/crypto/pkcs7/pk7_lib.c,666,80,40,0.195047855377,0.00136089324951,0,0
/home/openssl-OpenSSL_1_0_1h/crypto/pkcs7/pkcs7err.c,189,80,40,0.0348770618439,0.000764131546021,0,0
/home/openssl-OpenSSL_1_0_1h/crypto/pkcs7/pk7_doit.c,1306,80,40,0.413758993149,0.00765419006348,0,0
/home/openssl-OpenSSL_1_0_1h/crypto/pkcs7/pk7_smime.c,607,80,40,0.243853807449,0.000865936279297,0,0
/home/openssl-OpenSSL_1_0_1h/crypto/pkcs7/pk7_attr.c,166,80,40,0.180128097534,0.000709056854248,0,0
/home/openssl-OpenSSL_1_0_1h/crypto/pkcs7/pk7_mime.c,98,80,40,0.0996608734131,0.00102877616882,0,0
/home/openssl-OpenSSL_1_0_1h/crypto/pkcs7/bio_pk7.c,70,80,40,0.0279648303986,0.00071907043457,0,0
/home/openssl-OpenSSL_1_0_1h/crypto/pkcs12/p12_add.c,241,80,40,0.264611959457,0.00136280059814,0,0
/home/openssl-OpenSSL_1_0_1h/crypto/pkcs12/p12_asn.c,126,80,40,0.292851924896,0.00156712532043,0,0
/home/openssl-OpenSSL_1_0_1h/crypto/pkcs12/p12_attr.c,146,80,40,0.107409954071,0.0013861656189,0,0
/home/openssl-OpenSSL_1_0_1h/crypto/pkcs12/p12_crpt.c,113,80,40,0.074520111084,0.00137114524841,0,0
/home/openssl-OpenSSL_1_0_1h/crypto/pkcs12/p12_crt.c,375,80,40,0.127094984055,0.000759840011597,0,0
/home/openssl-OpenSSL_1_0_1h/crypto/pkcs12/p12_decr.c,185,80,40,0.0988578796387,0.0030951499939,0,0
/home/openssl-OpenSSL_1_0_1h/crypto/pkcs12/p12_init.c,93,80,40,0.0457761287689,0.000784873962402,0,0
/home/openssl-OpenSSL_1_0_1h/crypto/pkcs12/p12_key.c,228,80,40,0.0950260162354,0.0022931098938,0,0
/home/openssl-OpenSSL_1_0_1h/crypto/pkcs12/p12_kiss.c,303,80,40,0.0908479690552,0.00155997276306,0,0
/home/openssl-OpenSSL_1_0_1h/crypto/pkcs12/p12_mutl.c,191,80,40,0.0933511257172,0.00310587882996,0,0
/home/openssl-OpenSSL_1_0_1h/crypto/pkcs12/p12_utl.c,147,80,40,0.303627967834,0.00253582000732,0,0
/home/openssl-OpenSSL_1_0_1h/crypto/pkcs12/p12_npas.c,226,80,40,0.109658956528,0.00302815437317,0,0
/home/openssl-OpenSSL_1_0_1h/crypto/pkcs12/pk12err.c,145,80,40,0.023754119873,0.00427389144897,0,0
/home/openssl-OpenSSL_1_0_1h/crypto/pkcs12/p12_p8d.c,69,80,40,0.0472757816315,0.000909090042114,0,0
/home/openssl-OpenSSL_1_0_1h/crypto/pkcs12/p12_p8e.c,98,80,40,0.0616691112518,0.000807046890259,0,0
/home/openssl-OpenSSL_1_0_1h/crypto/comp/comp_lib.c,73,80,40,0.0791871547699,0.000898838043213,0,0
/home/openssl-OpenSSL_1_0_1h/crypto/comp/comp_err.c,101,80,40,0.0252208709717,0.00118017196655,0,0
/home/openssl-OpenSSL_1_0_1h/crypto/comp/c_rle.c,62,80,40,0.0653600692749,0.00230503082275,0,0
/home/openssl-OpenSSL_1_0_1h/crypto/comp/c_zlib.c,800,80,40,0.0654001235962,0.000850915908813,0,0
/home/openssl-OpenSSL_1_0_1h/crypto/ocsp/ocsp_asn.c,183,80,40,1.00543117523,0.000995874404907,0,0
/home/openssl-OpenSSL_1_0_1h/crypto/ocsp/ocsp_ext.c,519,80,40,0.932440042496,0.00192093849182,0,0
/home/openssl-OpenSSL_1_0_1h/crypto/ocsp/ocsp_ht.c,505,80,40,0.400665044785,0.0444753170013,1,1
/home/openssl-OpenSSL_1_0_1h/crypto/ocsp/ocsp_lib.c,267,80,40,0.231649875641,0.0026171207428,0,0
/home/openssl-OpenSSL_1_0_1h/crypto/ocsp/ocsp_cl.c,372,80,40,0.287643909454,0.000638246536255,0,0
/home/openssl-OpenSSL_1_0_1h/crypto/ocsp/ocsp_srv.c,265,80,40,0.167804956436,0.00141024589539,0,0
/home/openssl-OpenSSL_1_0_1h/crypto/ocsp/ocsp_prn.c,291,80,40,0.205001831055,0.000921010971069,0,0
/home/openssl-OpenSSL_1_0_1h/crypto/ocsp/ocsp_vfy.c,451,80,40,0.248057842255,0.00200605392456,0,0
/home/openssl-OpenSSL_1_0_1h/crypto/ocsp/ocsp_err.c,143,80,40,0.0349369049072,0.00194430351257,0,0
/home/openssl-OpenSSL_1_0_1h/crypto/ui/ui_err.c,113,80,40,0.032557964325,0.00149512290955,0,0
/home/openssl-OpenSSL_1_0_1h/crypto/ui/ui_lib.c,925,80,40,0.585237979889,0.000749111175537,0,0
/home/openssl-OpenSSL_1_0_1h/crypto/ui/ui_openssl.c,719,80,40,0.17680311203,0.0010781288147,0,0
/home/openssl-OpenSSL_1_0_1h/crypto/ui/ui_util.c,92,80,40,0.100155830383,0.00084924697876,0,0
/home/openssl-OpenSSL_1_0_1h/crypto/ui/ui_compat.c,68,80,40,0.0537371635437,0.000908851623535,0,0
/home/openssl-OpenSSL_1_0_1h/crypto/krb5/krb5_asn.c,168,80,40,0.709865093231,0.000847816467285,0,0
/home/openssl-OpenSSL_1_0_1h/crypto/cms/cms_lib.c,623,80,40,0.43888092041,0.00183701515198,0,0
/home/openssl-OpenSSL_1_0_1h/crypto/cms/cms_asn1.c,390,80,40,0.0889670848846,0.000966787338257,0,0
/home/openssl-OpenSSL_1_0_1h/crypto/cms/cms_att.c,196,80,40,0.350229978561,0.000870943069458,0,0
/home/openssl-OpenSSL_1_0_1h/crypto/cms/cms_io.c,134,80,40,0.335696935654,0.0010359287262,0,0
/home/openssl-OpenSSL_1_0_1h/crypto/cms/cms_smime.c,852,80,40,0.22154378891,0.00128984451294,0,0
/home/openssl-OpenSSL_1_0_1h/crypto/cms/cms_err.c,246,80,40,0.0348289012909,0.00219225883484,0,0
/home/openssl-OpenSSL_1_0_1h/crypto/cms/cms_sd.c,986,80,40,0.361066102982,0.00784397125244,0,0
/home/openssl-OpenSSL_1_0_1h/crypto/cms/cms_dd.c,149,80,40,0.122840881348,0.00129818916321,0,0
/home/openssl-OpenSSL_1_0_1h/crypto/cms/cms_cd.c,137,80,40,0.00547099113464,0.000648021697998,0,0
/home/openssl-OpenSSL_1_0_1h/crypto/cms/cms_env.c,879,80,40,0.318940877914,0.00571298599243,0,0
/home/openssl-OpenSSL_1_0_1h/crypto/cms/cms_enc.c,295,80,40,0.173165798187,0.00203561782837,0,0
/home/openssl-OpenSSL_1_0_1h/crypto/cms/cms_ess.c,421,80,40,0.303904056549,0.00135588645935,0,0
/home/openssl-OpenSSL_1_0_1h/crypto/cms/cms_pwri.c,455,80,40,0.18666601181,0.00164985656738,0,0
/home/openssl-OpenSSL_1_0_1h/crypto/pqueue/pqueue.c,253,80,40,0.156254053116,0.00172591209412,0,0
/home/openssl-OpenSSL_1_0_1h/crypto/ts/ts_err.c,180,80,40,0.0456879138947,0.010538816452,0,0
/home/openssl-OpenSSL_1_0_1h/crypto/ts/ts_req_utils.c,235,80,40,0.319217920303,0.00145792961121,0,0
/home/openssl-OpenSSL_1_0_1h/crypto/ts/ts_req_print.c,103,80,40,0.0747621059418,0.0016028881073,0,0
/home/openssl-OpenSSL_1_0_1h/crypto/ts/ts_rsp_utils.c,410,80,40,0.286039829254,0.00128602981567,0,0
/home/openssl-OpenSSL_1_0_1h/crypto/ts/ts_rsp_print.c,288,80,40,0.113882064819,0.00174808502197,0,0
/home/openssl-OpenSSL_1_0_1h/crypto/ts/ts_rsp_sign.c,1021,80,40,0.396152019501,0.00239300727844,0,0
/home/openssl-OpenSSL_1_0_1h/crypto/ts/ts_rsp_verify.c,730,80,40,0.239686965942,0.000914096832275,0,0
/home/openssl-OpenSSL_1_0_1h/crypto/ts/ts_verify_ctx.c,160,80,40,0.074737071991,0.00193500518799,0,0
/home/openssl-OpenSSL_1_0_1h/crypto/ts/ts_lib.c,146,80,40,0.114797115326,0.00292086601257,0,0
/home/openssl-OpenSSL_1_0_1h/crypto/ts/ts_conf.c,508,80,40,0.286445140839,0.00143599510193,0,0
/home/openssl-OpenSSL_1_0_1h/crypto/ts/ts_asn1.c,323,80,40,1.10019683838,0.00113391876221,0,0
/home/openssl-OpenSSL_1_0_1h/crypto/srp/srp_lib.c,362,80,40,0.231317996979,0.000870943069458,0,0
/home/openssl-OpenSSL_1_0_1h/crypto/srp/srp_vfy.c,662,80,40,0.233623027802,0.00151586532593,0,0
/home/openssl-OpenSSL_1_0_1h/crypto/cmac/cmac.c,309,80,40,0.144969940186,0.0280957221985,0,0
/home/openssl-OpenSSL_1_0_1h/crypto/cmac/cm_ameth.c,98,80,40,0.0369749069214,0.00095796585083,0,0
/home/openssl-OpenSSL_1_0_1h/crypto/cmac/cm_pmeth.c,225,80,40,0.166806936264,0.00301003456116,0,0
/home/openssl-OpenSSL_1_0_1h/ssl/s2_meth.c,85,80,40,0.0695359706879,0.000792026519775,0,0
/home/openssl-OpenSSL_1_0_1h/ssl/s2_srvr.c,1149,80,40,0.421941995621,0.00512599945068,0,0
/home/openssl-OpenSSL_1_0_1h/ssl/s2_clnt.c,1128,80,40,0.635771989822,0.00733709335327,0,0
/home/openssl-OpenSSL_1_0_1h/ssl/s2_lib.c,557,80,40,0.212922096252,0.0011191368103,0,0
/home/openssl-OpenSSL_1_0_1h/ssl/s2_enc.c,194,80,40,0.0631668567657,0.000875949859619,0,0
/home/openssl-OpenSSL_1_0_1h/ssl/s2_pkt.c,744,80,40,0.249610900879,0.000604152679443,0,0
/home/openssl-OpenSSL_1_0_1h/ssl/s3_meth.c,78,80,40,0.06294298172,0.00101828575134,0,0
/home/openssl-OpenSSL_1_0_1h/ssl/s3_srvr.c,3595,80,40,0.419808149338,0.00134897232056,0,0
/home/openssl-OpenSSL_1_0_1h/ssl/s3_clnt.c,3382,80,40,0.338748931885,0.00172924995422,0,0
/home/openssl-OpenSSL_1_0_1h/ssl/s3_lib.c,4295,80,40,0.401863098145,0.00124287605286,0,0
/home/openssl-OpenSSL_1_0_1h/ssl/s3_enc.c,899,80,40,0.214452981949,0.00925016403198,0,0
/home/openssl-OpenSSL_1_0_1h/ssl/s3_pkt.c,1558,80,40,0.2881731987,0.00117373466492,0,0
/home/openssl-OpenSSL_1_0_1h/ssl/s3_both.c,854,80,40,0.280236959457,0.00708675384521,0,0
/home/openssl-OpenSSL_1_0_1h/ssl/s3_cbc.c,791,80,40,0.0982608795166,0.00586104393005,0,0
/home/openssl-OpenSSL_1_0_1h/ssl/s23_meth.c,93,80,40,0.191138982773,0.000970125198364,0,0
/home/openssl-OpenSSL_1_0_1h/ssl/s23_srvr.c,639,80,40,0.361200809479,0.00116419792175,0,0
/home/openssl-OpenSSL_1_0_1h/ssl/s23_clnt.c,801,80,40,0.39949297905,0.00622701644897,0,0
/home/openssl-OpenSSL_1_0_1h/ssl/s23_lib.c,188,80,40,0.273223161697,0.00217986106873,0,0
/home/openssl-OpenSSL_1_0_1h/ssl/s23_pkt.c,118,80,40,0.127781152725,0.00125002861023,0,0
/home/openssl-OpenSSL_1_0_1h/ssl/t1_meth.c,89,80,40,0.15837597847,0.00197696685791,0,0
/home/openssl-OpenSSL_1_0_1h/ssl/t1_srvr.c,94,80,40,0.204519987106,0.00134706497192,0,0
/home/openssl-OpenSSL_1_0_1h/ssl/t1_clnt.c,93,80,40,0.17084312439,0.000764846801758,0,0
/home/openssl-OpenSSL_1_0_1h/ssl/t1_lib.c,2733,80,40,0.40664601326,0.00111103057861,0,0
/home/openssl-OpenSSL_1_0_1h/ssl/t1_enc.c,1251,80,40,0.219218969345,0.00637078285217,0,0
/home/openssl-OpenSSL_1_0_1h/ssl/d1_meth.c,78,80,40,0.0807721614838,0.00238585472107,0,0
/home/openssl-OpenSSL_1_0_1h/ssl/d1_srvr.c,1724,80,40,0.323390007019,0.00118613243103,0,0
/home/openssl-OpenSSL_1_0_1h/ssl/d1_clnt.c,1719,80,40,0.243860006332,0.00607204437256,0,0
/home/openssl-OpenSSL_1_0_1h/ssl/d1_lib.c,487,80,40,0.226191043854,0.00984025001526,0,0
/home/openssl-OpenSSL_1_0_1h/ssl/d1_pkt.c,1902,80,40,0.254969835281,0.00101828575134,0,0
/home/openssl-OpenSSL_1_0_1h/ssl/d1_both.c,1618,80,40,0.38195514679,0.00195693969727,0,0
/home/openssl-OpenSSL_1_0_1h/ssl/d1_enc.c,261,80,40,0.14214515686,0.000688791275024,0,0
/home/openssl-OpenSSL_1_0_1h/ssl/d1_srtp.c,495,80,40,0.153033971786,0.0016758441925,0,0
/home/openssl-OpenSSL_1_0_1h/ssl/ssl_lib.c,3270,80,40,0.904854059219,0.00109505653381,0,0
/home/openssl-OpenSSL_1_0_1h/ssl/ssl_err2.c,71,80,40,0.0148351192474,0.00109696388245,0,0
/home/openssl-OpenSSL_1_0_1h/ssl/ssl_cert.c,854,80,40,0.197285175323,0.00682878494263,0,0
/home/openssl-OpenSSL_1_0_1h/ssl/ssl_sess.c,1160,80,40,0.455918073654,0.00963711738586,0,0
/home/openssl-OpenSSL_1_0_1h/ssl/ssl_ciph.c,1854,80,40,0.30806016922,0.00231075286865,0,0
/home/openssl-OpenSSL_1_0_1h/ssl/ssl_stat.c,568,80,40,0.0833849906921,0.00851511955261,0,0
/home/openssl-OpenSSL_1_0_1h/ssl/ssl_rsa.c,784,80,40,0.205816030502,0.00241017341614,0,0
/home/openssl-OpenSSL_1_0_1h/ssl/ssl_asn1.c,647,80,40,1.24759578705,0.00641012191772,0,0
/home/openssl-OpenSSL_1_0_1h/ssl/ssl_txt.c,249,80,40,0.0870599746704,0.000948190689087,0,0
/home/openssl-OpenSSL_1_0_1h/ssl/ssl_algs.c,151,80,40,0.0527300834656,0.00242686271667,0,0
/home/openssl-OpenSSL_1_0_1h/ssl/bio_ssl.c,606,80,40,0.158916950226,0.000742673873901,0,0
/home/openssl-OpenSSL_1_0_1h/ssl/ssl_err.c,611,80,40,0.0239481925964,0.00204992294312,0,0
/home/openssl-OpenSSL_1_0_1h/ssl/kssl.c,2222,80,40,0.00168204307556,0.00812411308289,0,0
/home/openssl-OpenSSL_1_0_1h/ssl/tls_srp.c,508,80,40,0.384052038193,0.000705003738403,0,0
/home/openssl-OpenSSL_1_0_1h/ssl/t1_reneg.c,293,80,40,0.0981471538544,0.00228190422058,0,0
/home/openssl-OpenSSL_1_0_1h/engines/e_4758cca.c,988,80,40,0.231150865555,0.000805139541626,0,0
/home/openssl-OpenSSL_1_0_1h/engines/e_aep.c,1140,80,40,0.416428089142,0.000967979431152,0,0
/home/openssl-OpenSSL_1_0_1h/engines/e_atalla.c,608,80,40,0.241917133331,0.000846862792969,0,0
/home/openssl-OpenSSL_1_0_1h/engines/e_cswift.c,1130,80,40,0.292006969452,0.000974893569946,0,0
/home/openssl-OpenSSL_1_0_1h/engines/e_gmp.c,481,80,40,0.000736951828003,0.000657081604004,0,0
/home/openssl-OpenSSL_1_0_1h/engines/e_chil.c,1357,80,40,0.356986999512,0.00138998031616,0,0
/home/openssl-OpenSSL_1_0_1h/engines/e_nuron.c,435,80,40,0.313355922699,0.00111794471741,0,0
/home/openssl-OpenSSL_1_0_1h/engines/e_sureware.c,1056,80,40,0.270482063293,0.000895023345947,0,0
/home/openssl-OpenSSL_1_0_1h/engines/e_ubsec.c,1070,80,40,0.291957139969,0.0102047920227,0,0
/home/openssl-OpenSSL_1_0_1h/engines/e_padlock.c,1240,80,40,0.0123920440674,0.0024950504303,0,0
/home/openssl-OpenSSL_1_0_1h/engines/e_capi.c,1843,80,40,0.0128109455109,0.00114798545837,0,0
/home/openssl-OpenSSL_1_0_1h/engines/ccgost/e_gost_err.c,213,80,40,0.0209698677063,0.000972986221313,0,0
/home/openssl-OpenSSL_1_0_1h/engines/ccgost/gost2001_keyx.c,309,80,40,0.15483379364,0.00106906890869,0,0
/home/openssl-OpenSSL_1_0_1h/engines/ccgost/gost2001.c,344,80,40,0.139542102814,0.00162792205811,0,0
/home/openssl-OpenSSL_1_0_1h/engines/ccgost/gost89.c,422,80,40,0.0529441833496,0.000864744186401,0,0
/home/openssl-OpenSSL_1_0_1h/engines/ccgost/gost94_keyx.c,292,80,40,0.180104970932,0.00195503234863,0,0
/home/openssl-OpenSSL_1_0_1h/engines/ccgost/gost_ameth.c,946,80,40,0.493849992752,0.00535583496094,0,0
/home/openssl-OpenSSL_1_0_1h/engines/ccgost/gost_asn1.c,56,80,40,0.542121171951,0.00101399421692,0,0
/home/openssl-OpenSSL_1_0_1h/engines/ccgost/gost_crypt.c,635,80,40,0.209243059158,0.000826835632324,0,0
/home/openssl-OpenSSL_1_0_1h/engines/ccgost/gost_ctl.c,90,80,40,0.13249206543,0.00148701667786,0,0
/home/openssl-OpenSSL_1_0_1h/engines/ccgost/gost_eng.c,289,80,40,0.203158140182,0.00237393379211,0,0
/home/openssl-OpenSSL_1_0_1h/engines/ccgost/gosthash.c,255,80,40,0.295269012451,0.00336313247681,0,0
/home/openssl-OpenSSL_1_0_1h/engines/ccgost/gost_keywrap.c,110,80,40,0.0727229118347,0.00217390060425,0,0
/home/openssl-OpenSSL_1_0_1h/engines/ccgost/gost_md.c,76,80,40,0.103773832321,0.00295424461365,0,0
/home/openssl-OpenSSL_1_0_1h/engines/ccgost/gost_params.c,199,80,40,0.000436067581177,0.00146913528442,0,0
/home/openssl-OpenSSL_1_0_1h/engines/ccgost/gost_pmeth.c,629,80,40,0.299564838409,0.0179381370544,0,0
/home/openssl-OpenSSL_1_0_1h/engines/ccgost/gost_sign.c,322,80,40,0.193397045135,0.00135517120361,0,0
/home/openssl-OpenSSL_1_0_1h/apps/verify.c,363,80,40,0.112575054169,0.0115940570831,0,0
/home/openssl-OpenSSL_1_0_1h/apps/asn1pars.c,446,80,40,0.109324932098,0.011491060257,0,0
/home/openssl-OpenSSL_1_0_1h/apps/req.c,1849,80,40,0.180555105209,0.000871896743774,0,0
/home/openssl-OpenSSL_1_0_1h/apps/dgst.c,645,80,40,0.0826189517975,0.0112087726593,0,0
/home/openssl-OpenSSL_1_0_1h/apps/dh.c,356,80,40,0.0572309494019,0.00677371025085,0,0
/home/openssl-OpenSSL_1_0_1h/apps/dhparam.c,560,80,40,0.0786671638489,0.00890588760376,0,0
/home/openssl-OpenSSL_1_0_1h/apps/enc.c,739,80,40,0.0517580509186,0.0105140209198,0,0
/home/openssl-OpenSSL_1_0_1h/apps/passwd.c,513,80,40,0.147754907608,0.00928211212158,0,0
/home/openssl-OpenSSL_1_0_1h/apps/gendh.c,242,80,40,0.0881199836731,0.000813007354736,0,0
/home/openssl-OpenSSL_1_0_1h/apps/errstr.c,129,80,40,0.0548119544983,0.0122392177582,0,0
/home/openssl-OpenSSL_1_0_1h/apps/ca.c,3011,80,40,0.196861982346,0.00114512443542,0,0
/home/openssl-OpenSSL_1_0_1h/apps/pkcs7.c,321,80,40,0.0703160762787,0.00092601776123,0,0
/home/openssl-OpenSSL_1_0_1h/apps/crl2p7.c,338,80,40,0.063854932785,0.000962972640991,0,0
/home/openssl-OpenSSL_1_0_1h/apps/crl.c,465,80,40,0.0923089981079,0.00894021987915,0,0
/home/openssl-OpenSSL_1_0_1h/apps/rsa.c,451,80,40,0.0604078769684,0.00846290588379,0,0
/home/openssl-OpenSSL_1_0_1h/apps/rsautl.c,352,80,40,0.0799889564514,0.00631904602051,0,0
/home/openssl-OpenSSL_1_0_1h/apps/dsa.c,377,80,40,0.0714719295502,0.00173997879028,0,0
/home/openssl-OpenSSL_1_0_1h/apps/dsaparam.c,487,80,40,0.0781981945038,0.00684094429016,0,0
/home/openssl-OpenSSL_1_0_1h/apps/ec.c,407,80,40,0.0606589317322,0.00706720352173,0,0
/home/openssl-OpenSSL_1_0_1h/apps/ecparam.c,732,80,40,0.046756029129,0.00679683685303,0,0
/home/openssl-OpenSSL_1_0_1h/apps/x509.c,1311,80,40,0.137862920761,0.000816106796265,0,0
/home/openssl-OpenSSL_1_0_1h/apps/genrsa.c,336,80,40,0.135563850403,0.00118279457092,0,0
/home/openssl-OpenSSL_1_0_1h/apps/gendsa.c,286,80,40,0.0804328918457,0.00118803977966,0,0
/home/openssl-OpenSSL_1_0_1h/apps/genpkey.c,441,80,40,0.0993499755859,0.00793695449829,0,0
/home/openssl-OpenSSL_1_0_1h/apps/s_server.c,3012,80,40,0.309395074844,0.00109791755676,0,0
/home/openssl-OpenSSL_1_0_1h/apps/s_client.c,2152,80,40,0.159791946411,0.00132417678833,0,0
/home/openssl-OpenSSL_1_0_1h/apps/speed.c,2843,80,40,0.325746059418,0.0234482288361,3,3
/home/openssl-OpenSSL_1_0_1h/apps/s_time.c,633,80,40,0.231596946716,0.000935316085815,0,0
/home/openssl-OpenSSL_1_0_1h/apps/apps.c,3095,80,40,1.09636592865,0.00154304504395,0,0
/home/openssl-OpenSSL_1_0_1h/apps/s_cb.c,935,80,40,0.146740913391,0.00186014175415,0,0
/home/openssl-OpenSSL_1_0_1h/apps/s_socket.c,623,80,40,0.594522953033,0.0359151363373,2,2
/home/openssl-OpenSSL_1_0_1h/apps/app_rand.c,219,80,40,0.127827167511,0.000647783279419,0,0
/home/openssl-OpenSSL_1_0_1h/apps/version.c,218,80,40,0.0495321750641,0.00790095329285,0,0
/home/openssl-OpenSSL_1_0_1h/apps/sess_id.c,323,80,40,0.0766968727112,0.00918507575989,0,0
/home/openssl-OpenSSL_1_0_1h/apps/ciphers.c,232,80,40,0.0442221164703,0.00727796554565,0,0
/home/openssl-OpenSSL_1_0_1h/apps/nseq.c,168,80,40,0.100119829178,0.000607013702393,0,0
/home/openssl-OpenSSL_1_0_1h/apps/pkcs12.c,985,80,40,0.145529031754,0.000775098800659,0,0
/home/openssl-OpenSSL_1_0_1h/apps/pkcs8.c,440,80,40,0.0810029506683,0.0105147361755,0,0
/home/openssl-OpenSSL_1_0_1h/apps/pkey.c,285,80,40,0.0937979221344,0.000685930252075,0,0
/home/openssl-OpenSSL_1_0_1h/apps/pkeyparam.c,201,80,40,0.0925521850586,0.00225186347961,0,0
/home/openssl-OpenSSL_1_0_1h/apps/pkeyutl.c,571,80,40,0.164483070374,0.0106449127197,0,0
/home/openssl-OpenSSL_1_0_1h/apps/spkac.c,309,80,40,0.0816869735718,0.00188231468201,0,0
/home/openssl-OpenSSL_1_0_1h/apps/smime.c,858,80,40,0.118285179138,0.00793480873108,0,0
/home/openssl-OpenSSL_1_0_1h/apps/cms.c,1398,80,40,0.17866396904,0.00176501274109,0,0
/home/openssl-OpenSSL_1_0_1h/apps/rand.c,246,80,40,0.0673999786377,0.00159001350403,0,0
/home/openssl-OpenSSL_1_0_1h/apps/engine.c,550,80,40,0.112588882446,0.00102615356445,0,0
/home/openssl-OpenSSL_1_0_1h/apps/ocsp.c,1432,80,40,0.236004829407,0.00225615501404,0,0
/home/openssl-OpenSSL_1_0_1h/apps/prime.c,161,80,40,0.0777869224548,0.00178003311157,0,0
/home/openssl-OpenSSL_1_0_1h/apps/ts.c,1148,80,40,0.265208005905,0.00342988967896,0,0
/home/openssl-OpenSSL_1_0_1h/apps/srp.c,757,80,40,0.211730003357,0.0139560699463,0,0
/home/openssl-OpenSSL_1_0_1h/apps/openssl.c,730,80,40,0.157902002335,0.00408411026001,0,0
/home/openssl-OpenSSL_1_0_1h/test/bntest.c,2014,80,40,0.167158126831,0.0079779624939,0,0
/home/openssl-OpenSSL_1_0_1h/test/ectest.c,1490,80,40,0.0660760402679,0.00117993354797,0,0
/home/openssl-OpenSSL_1_0_1h/test/ecdsatest.c,573,80,40,0.131826877594,0.00086522102356,0,0
/home/openssl-OpenSSL_1_0_1h/test/ecdhtest.c,375,80,40,0.0966379642487,0.00121712684631,0,0
/home/openssl-OpenSSL_1_0_1h/test/ideatest.c,236,80,40,0.0766949653625,0.0015869140625,0,0
/home/openssl-OpenSSL_1_0_1h/test/md2test.c,49,80,40,0.0210361480713,0.000899076461792,0,0
/home/openssl-OpenSSL_1_0_1h/test/md4test.c,137,80,40,0.0427300930023,0.00692319869995,0,0
/home/openssl-OpenSSL_1_0_1h/test/md5test.c,141,80,40,0.0460171699524,0.00106596946716,0,0
/home/openssl-OpenSSL_1_0_1h/test/hmactest.c,176,80,40,0.047868013382,0.000725984573364,0,0
/home/openssl-OpenSSL_1_0_1h/test/wp_test.c,229,80,40,0.0986881256104,0.000696897506714,0,0
/home/openssl-OpenSSL_1_0_1h/test/rc2test.c,275,80,40,0.0204801559448,0.00131177902222,0,0
/home/openssl-OpenSSL_1_0_1h/test/rc4test.c,243,80,40,0.0269150733948,0.000916957855225,0,0
/home/openssl-OpenSSL_1_0_1h/test/rc5test.c,49,80,40,0.0339329242706,0.00115513801575,0,0
/home/openssl-OpenSSL_1_0_1h/test/destest.c,953,80,40,0.0890669822693,0.00131893157959,0,0
/home/openssl-OpenSSL_1_0_1h/test/shatest.c,179,80,40,0.0503630638123,0.00207614898682,0,0
/home/openssl-OpenSSL_1_0_1h/test/sha1test.c,179,80,40,0.0468571186066,0.00142884254456,0,0
/home/openssl-OpenSSL_1_0_1h/test/sha256t.c,148,80,40,0.102348089218,0.00157904624939,0,0
/home/openssl-OpenSSL_1_0_1h/test/sha512t.c,185,80,40,0.0969979763031,0.00180006027222,0,0
/home/openssl-OpenSSL_1_0_1h/test/mdc2test.c,150,80,40,0.0329279899597,0.000947952270508,0,0
/home/openssl-OpenSSL_1_0_1h/test/rmdtest.c,146,80,40,0.0550329685211,0.00162982940674,0,0
/home/openssl-OpenSSL_1_0_1h/test/randtest.c,220,80,40,0.0229668617249,0.000910997390747,0,0
/home/openssl-OpenSSL_1_0_1h/test/dhtest.c,227,80,40,0.0468411445618,0.00193881988525,0,0
/home/openssl-OpenSSL_1_0_1h/test/enginetest.c,284,80,40,0.0730049610138,0.00109028816223,0,0
/home/openssl-OpenSSL_1_0_1h/test/bftest.c,541,80,40,0.0584230422974,0.00512099266052,0,0
/home/openssl-OpenSSL_1_0_1h/test/casttest.c,234,80,40,0.0275769233704,0.00111198425293,0,0
/home/openssl-OpenSSL_1_0_1h/test/ssltest.c,2584,80,40,0.395523071289,0.0023148059845,0,0
/home/openssl-OpenSSL_1_0_1h/test/exptest.c,205,80,40,0.035227060318,0.00064492225647,0,0
/home/openssl-OpenSSL_1_0_1h/test/dsatest.c,260,80,40,0.0829341411591,0.00124406814575,0,0
/home/openssl-OpenSSL_1_0_1h/test/rsa_test.c,341,80,40,0.0847098827362,0.000875949859619,0,0
/home/openssl-OpenSSL_1_0_1h/test/evp_test.c,451,80,40,0.441307067871,0.105944156647,1,1
/home/openssl-OpenSSL_1_0_1h/test/igetest.c,504,80,40,0.0857589244843,0.00273108482361,0,0
/home/openssl-OpenSSL_1_0_1h/test/jpaketest.c,49,80,40,0.0389821529388,0.00106000900269,0,0
/home/openssl-OpenSSL_1_0_1h/test/srptest.c,163,80,40,0.107620000839,0.00197505950928,0,0
/home/openssl-OpenSSL_1_0_1h/test/asn1test.c,23,80,40,0.0537080764771,0.000838994979858,0,0
/home/openssl-OpenSSL_1_0_1h/test/heartbeat_test.c,466,80,40,0.1415579319,0.00113773345947,0,0
/home/openssl-OpenSSL_1_0_1h/test/dummytest.c,49,80,40,0.0317368507385,0.00135111808777,0,0
